date,market_vader_mean,market_vader_std,market_article_count,market_finbert_mean,market_finbert_std
2018-01-02 00:00:00+00:00,-0.06149411764705883,0.2896059919757105,17,-0.39741466008126736,0.4698288125629266
2018-01-02 13:19:00+00:00,-0.5667,0.0,1,-0.9636006355285645,0.0
2018-01-02 19:02:00+00:00,0.0,0.0,1,0.006848633289337158,0.0
2018-01-02 19:07:00+00:00,0.8807,0.0,1,0.027193594723939896,0.0
2018-01-02 19:20:00+00:00,-0.2732,0.0,1,-0.39483174681663513,0.0
2018-01-02 19:21:00+00:00,0.5719,0.0,1,-0.6323233246803284,0.0
2018-01-02 19:35:00+00:00,0.0,0.0,1,0.31502848863601685,0.0
2018-01-03 00:00:00+00:00,0.06511333333333333,0.34385019758748486,15,0.11774101704359055,0.5987814520391853
2018-01-03 14:02:00+00:00,0.836,0.0,1,0.9121358394622803,0.0
2018-01-03 19:21:00+00:00,-0.3724,0.0,1,0.08089513331651688,0.0
2018-01-03 19:31:00+00:00,0.5086,0.0,1,0.4187118113040924,0.0
2018-01-04 00:00:00+00:00,0.008772222222222223,0.37789942920672853,18,-0.39245894447796875,0.6839619968898608
2018-01-04 19:06:00+00:00,0.7906,0.0,1,0.12071393430233002,0.0
2018-01-04 19:27:00+00:00,0.0,0.0,1,0.09296786785125732,0.0
2018-01-04 19:30:00+00:00,-0.7351,0.0,1,-0.3260008990764618,0.0
2018-01-04 19:58:00+00:00,0.3818,0.0,1,-0.5772374868392944,0.0
2018-01-05 00:00:00+00:00,-0.07982352941176471,0.38327269588605534,17,0.04250947758555412,0.5821243389066149
2018-01-05 12:00:00+00:00,-0.4939,0.0,1,-0.9648082852363586,0.0
2018-01-05 14:12:00+00:00,0.34,0.0,1,-0.9442455172538757,0.0
2018-01-05 17:18:00+00:00,0.8074,0.0,1,0.14027157425880432,0.0
2018-01-05 18:54:00+00:00,-0.8957,0.0,1,-0.2082183063030243,0.0
2018-01-05 18:59:00+00:00,0.6249,0.0,1,0.0722932443022728,0.0
2018-01-05 19:24:00+00:00,-0.8957,0.0,1,-0.20799346268177032,0.0
2018-01-05 19:26:00+00:00,-0.6486,0.0,1,0.2597876191139221,0.0
2018-01-06 00:00:00+00:00,-0.011664999999999995,0.3773753335801598,20,0.00020175985991954803,0.5881046486575606
2018-01-08 00:00:00+00:00,-0.12858,0.38982005775558987,15,-0.30631769572695094,0.6610089749113066
2018-01-08 15:37:00+00:00,0.4404,0.0,1,0.870583176612854,0.0
2018-01-08 19:02:00+00:00,0.0,0.0,1,0.8615043759346008,0.0
2018-01-08 19:41:00+00:00,0.46035000000000004,0.3649378097703772,2,0.43799152970314026,0.5225286620836956
2018-01-08 19:42:00+00:00,-0.5994,0.0,1,0.5572096109390259,0.0
2018-01-09 00:00:00+00:00,-0.17482142857142854,0.4133405658190935,14,-0.533584190399519,0.40987905934191377
2018-01-09 19:01:00+00:00,-0.1688,0.8875604317453544,2,-0.014952687546610832,0.027723109034938905
2018-01-09 19:24:00+00:00,-0.10115,0.14304770183403856,2,-0.24298406392335892,0.3331341591837007
2018-01-09 22:53:00+00:00,-0.2382,0.0,1,-0.6109130382537842,0.0
2018-01-10 00:00:00+00:00,-0.04141935483870967,0.41274042401114924,31,-0.2683296976310591,0.6579038921214665
2018-01-10 18:59:00+00:00,0.6715,0.0,1,0.9323434233665466,0.0
2018-01-10 19:32:00+00:00,0.0772,0.0,1,0.09336472302675247,0.0
2018-01-10 19:33:00+00:00,-0.5423,0.0,1,-0.737920880317688,0.0
2018-01-11 00:00:00+00:00,-0.1274357142857143,0.3850256287316726,14,-0.2992201293153422,0.6049937813943723
2018-01-11 19:38:00+00:00,0.1531,0.0,1,-0.03202211856842041,0.0
2018-01-12 00:00:00+00:00,-0.10200588235294117,0.38292423609408077,17,-0.1728749586378827,0.6731643416450453
2018-01-12 14:59:00+00:00,0.0,0.0,1,-0.02595081925392151,0.0
2018-01-12 19:00:00+00:00,0.0,0.0,1,0.08215177059173584,0.0
2018-01-12 19:05:00+00:00,0.368,0.0,1,0.02205182984471321,0.0
2018-01-12 19:06:00+00:00,0.8713,0.0,1,0.22306543588638306,0.0
2018-01-12 19:13:00+00:00,0.8225,0.0,1,0.03366655856370926,0.0
2018-01-14 00:00:00+00:00,-0.21006,0.4749892055916338,15,-0.5262672404448191,0.3635223629557509
2018-01-15 00:00:00+00:00,-0.21431250000000002,0.3838009238741703,16,-0.24733838567044586,0.46007728991290203
2018-01-16 00:00:00+00:00,-0.21075,0.39400524230997475,32,-0.28099148819455877,0.48215116904514177
2018-01-16 19:01:00+00:00,-0.1477,0.0,1,0.30754032731056213,0.0
2018-01-16 19:03:00+00:00,0.6597,0.0,1,0.050393931567668915,0.0
2018-01-17 00:00:00+00:00,-0.18893055555555555,0.43389408834049054,36,-0.32875296514895225,0.47075965946519144
2018-01-17 18:57:00+00:00,0.802,0.0,1,0.045051395893096924,0.0
2018-01-17 20:43:00+00:00,0.0,0.0,1,0.1035032719373703,0.0
2018-01-18 00:00:00+00:00,-0.0895909090909091,0.34803965323978925,33,-0.14168274024445,0.5991314221554168
2018-01-18 19:20:00+00:00,-0.08365,0.8852269793674389,2,-0.10935749113559723,0.3934341505737068
2018-01-19 00:00:00+00:00,0.11633684210526316,0.36898246903632204,19,-0.06714502339692492,0.507674265813935
2018-01-19 05:23:00+00:00,0.0,0.0,1,-0.7980774641036987,0.0
2018-01-20 04:45:00+00:00,0.7096,0.0,1,0.06627582758665085,0.0
2018-01-21 00:00:00+00:00,-0.10256470588235295,0.38413987351805934,17,-0.22189143716412432,0.2917218880621953
2018-01-22 00:00:00+00:00,-0.013233333333333328,0.36001762375162233,18,-0.1969428113144305,0.4453310372310565
2018-01-22 09:50:00+00:00,0.5719,0.0,1,0.06178698316216469,0.0
2018-01-22 19:05:00+00:00,-0.13405,0.8384165104528895,2,-0.4153918260708451,0.6261217474330333
2018-01-22 19:39:00+00:00,-0.128,0.0,1,-0.014190752059221268,0.0
2018-01-23 00:00:00+00:00,0.0018352941176470526,0.3977237863539583,34,-0.1405646857969901,0.5809225822700759
2018-01-23 10:13:00+00:00,0.5994,0.0,1,0.922268271446228,0.0
2018-01-23 19:00:00+00:00,0.1406,0.0,1,-0.2635836601257324,0.0
2018-01-23 19:06:00+00:00,0.7783,0.0,1,0.05946344882249832,0.0
2018-01-23 19:51:00+00:00,0.4215,0.0,1,0.9206320643424988,0.0
2018-01-24 00:00:00+00:00,-0.1048875,0.3325047786624026,16,-0.28255460888613015,0.4140253446147071
2018-01-24 19:05:00+00:00,0.6597,0.0,1,0.15189839899539948,0.0
2018-01-24 19:45:00+00:00,0.0,0.0,1,0.0020015276968479156,0.0
2018-01-25 00:00:00+00:00,0.0013500000000000055,0.3585044691656782,18,-0.06557111059212023,0.49378379944926193
2018-01-26 00:00:00+00:00,-0.132,0.40556166978648267,36,-0.22465361934155226,0.5375579440694493
2018-01-28 00:00:00+00:00,-0.0686235294117647,0.4349887965933889,17,-0.12954631151960178,0.27090950956041876
2018-01-29 00:00:00+00:00,-0.11851874999999999,0.35366464193969593,16,-0.4270642881747335,0.3891828891188893
2018-01-29 14:13:00+00:00,0.0,0.0,1,0.1341647207736969,0.0
2018-01-29 17:00:00+00:00,0.0,0.0,1,-0.6960607171058655,0.0
2018-01-29 19:02:00+00:00,-0.1655,0.0,1,-0.3577699363231659,0.0
2018-01-29 19:25:00+00:00,0.1531,0.0,1,-0.0565778873860836,0.0
2018-01-29 19:26:00+00:00,0.7783,0.0,1,0.3299706280231476,0.0
2018-01-29 23:09:00+00:00,0.7184,0.0,1,0.08657187223434448,0.0
2018-01-30 00:00:00+00:00,-0.070771875,0.3092069953245904,32,-0.13812752993544564,0.49014433524299256
2018-01-30 19:05:00+00:00,0.7964,0.0,1,0.18161502480506897,0.0
2018-01-30 19:11:00+00:00,0.19119999999999998,0.9445532383089902,2,0.055883027613162994,0.008093817567759324
2018-01-31 00:00:00+00:00,0.022072222222222226,0.3769959413193222,18,-0.19336841938396296,0.5466070827155399
2018-01-31 19:31:00+00:00,0.34,0.0,1,0.024934513494372368,0.0
2018-01-31 19:32:00+00:00,0.6369,0.0,1,0.001830168068408966,0.0
2018-02-01 00:00:00+00:00,-0.08801562499999999,0.4041240564155892,32,-0.21208654227666557,0.5020243444607743
2018-02-01 19:01:00+00:00,0.0,0.0,1,0.02573017217218876,0.0
2018-02-01 19:03:00+00:00,0.6124,0.0,1,0.018483292311429977,0.0
2018-02-02 18:56:00+00:00,0.0,0.0,1,-0.016786951571702957,0.0
2018-02-02 19:35:00+00:00,-0.7684,0.0,1,0.2817884683609009,0.0
2018-02-03 00:00:00+00:00,-0.05663571428571429,0.3642720382586932,14,-0.33952254775379387,0.5893090882137532
2018-02-04 00:00:00+00:00,-0.060752941176470586,0.35517490782297506,17,-0.04436751290717546,0.37169684539844466
2018-02-05 00:00:00+00:00,-0.03187142857142857,0.3646435655405288,14,-0.38903666886367966,0.4025942989407416
2018-02-05 19:44:00+00:00,-0.3612,0.0,1,-0.0211864672601223,0.0
2018-02-05 19:53:00+00:00,-0.6597,0.0,1,-0.04067547246813774,0.0
2018-02-05 20:03:00+00:00,0.6124,0.0,1,0.09272896498441696,0.0
2018-02-05 20:08:00+00:00,0.0,0.0,1,-0.024134527891874313,0.0
2018-02-06 00:00:00+00:00,-0.11309411764705883,0.39763093131710336,34,-0.38178502280703364,0.5027722613769362
2018-02-06 11:35:00+00:00,0.0,0.0,1,-0.1753089725971222,0.0
2018-02-06 18:18:00+00:00,0.7269,0.0,1,0.02782330848276615,0.0
2018-02-06 19:00:00+00:00,0.3579,0.7226631303726515,2,0.02534281462430954,0.021111377492531076
2018-02-06 19:49:00+00:00,0.4585,0.0,1,0.3584054708480835,0.0
2018-02-06 20:07:00+00:00,-0.5813,0.0,1,0.01641063392162323,0.0
2018-02-07 00:00:00+00:00,-0.07808823529411765,0.41047309577235536,17,-0.40042709559202194,0.6588683841618227
2018-02-07 05:21:00+00:00,-0.836,0.0,1,-0.7097079753875732,0.0
2018-02-07 15:56:00+00:00,0.0,0.0,1,0.059280212968587875,0.0
2018-02-07 19:15:00+00:00,0.0,0.0,1,-0.07615913450717926,0.0
2018-02-07 19:18:00+00:00,0.4588,0.0,1,0.05781148746609688,0.0
2018-02-08 00:00:00+00:00,0.008549999999999999,0.334370206960833,34,-0.24975170638850508,0.519166825548699
2018-02-08 10:17:00+00:00,-0.4939,0.0,1,-0.6117912530899048,0.0
2018-02-08 18:50:00+00:00,-0.34,0.0,1,-0.9147440195083618,0.0
2018-02-08 19:23:00+00:00,0.0,0.0,1,-0.08108877390623093,0.0
2018-02-08 19:57:00+00:00,-0.6249,0.0,1,-0.6977906823158264,0.0
2018-02-08 20:01:00+00:00,-0.4829,0.0,1,-0.7702199220657349,0.0
2018-02-08 21:18:00+00:00,-0.5423,0.0,1,-0.9510678052902222,0.0
2018-02-08 22:33:00+00:00,0.0,0.0,1,-0.35508835315704346,0.0
2018-02-09 00:00:00+00:00,-0.157175,0.34139891524920424,16,-0.3761598824057728,0.5017597084313927
2018-02-09 19:00:00+00:00,0.0,0.0,1,-0.5192775726318359,0.0
2018-02-09 19:01:00+00:00,0.0,0.0,1,-0.9057750701904297,0.0
2018-02-10 00:00:00+00:00,-0.15707333333333334,0.3369897125743639,15,-0.10678864804406961,0.3121430289967362
2018-02-12 00:00:00+00:00,-0.010840624999999996,0.38802531332406903,32,-0.14275259914575145,0.40327828360138507
2018-02-12 07:19:00+00:00,0.4019,0.0,1,0.35828661918640137,0.0
2018-02-12 09:41:00+00:00,0.0,0.0,1,-0.6205600500106812,0.0
2018-02-14 00:00:00+00:00,-0.084009375,0.35673605437342515,32,-0.20895351946819574,0.5389468197057647
2018-02-15 10:26:00+00:00,0.6808,0.0,1,0.7109648585319519,0.0
2018-02-16 00:00:00+00:00,-0.035675,0.37633359429307983,32,-0.33662590192398056,0.4875035133044271
2018-02-19 00:00:00+00:00,-0.05887837837837837,0.35307106943939076,37,-0.22783735454887957,0.5257433203009599
2018-02-19 10:27:00+00:00,0.872,0.0,1,-0.6705760955810547,0.0
2018-02-20 00:00:00+00:00,-0.06921176470588236,0.38724133928719595,17,-0.34582786689348083,0.5687021348294095
2018-02-21 00:00:00+00:00,-0.16933529411764708,0.3285075055101034,17,-0.2538495723377256,0.5441298949881286
2018-02-21 07:45:00+00:00,-0.1027,0.0,1,-0.8827647566795349,0.0
2018-02-22 00:00:00+00:00,-0.07157741935483872,0.3945560743499606,31,-0.48862658320896085,0.4735177143046827
2018-02-22 14:43:00+00:00,0.0,0.0,1,0.274014413356781,0.0
2018-02-23 00:00:00+00:00,0.025623529411764708,0.406078349166469,17,-0.15739874213057406,0.4598791061379054
2018-02-25 00:00:00+00:00,-0.18051666666666666,0.44933374894523165,18,-0.3564727124240663,0.5045619691582228
2018-02-26 00:00:00+00:00,0.07734705882352941,0.37321168443265385,17,-0.19823983859489946,0.434312230210503
2018-02-26 18:42:00+00:00,0.765,0.0,1,0.24319952726364136,0.0
2018-02-26 19:00:00+00:00,-0.2023,0.0,1,0.0695493295788765,0.0
2018-02-26 19:11:00+00:00,0.765,0.0,1,0.24466876685619354,0.0
2018-02-27 00:00:00+00:00,0.029438709677419354,0.37362774493464246,31,-0.14662081616059428,0.5424054155643518
2018-02-27 19:02:00+00:00,0.6486,0.0,1,-0.6395513415336609,0.0
2018-02-27 19:10:00+00:00,0.7506,0.0,1,0.2682346701622009,0.0
2018-02-27 19:18:00+00:00,-0.743,0.0,1,0.09493051469326019,0.0
2018-02-27 19:19:00+00:00,0.7603,0.15796765491707473,2,0.1495911180973053,1.0293411436793156
2018-02-28 00:00:00+00:00,0.09053846153846154,0.3905409422379459,13,-0.2712080844033223,0.4582012087676661
2018-02-28 19:00:00+00:00,0.4767,0.0,1,-0.05928286537528038,0.0
2018-02-28 19:12:00+00:00,0.8074,0.0,1,0.020548559725284576,0.0
2018-02-28 19:19:00+00:00,0.0,0.0,1,-0.4858979284763336,0.0
2018-02-28 19:21:00+00:00,0.2716,0.0,1,-0.046646296977996826,0.0
2018-03-01 00:00:00+00:00,-0.06750588235294118,0.4018999074250146,17,-0.18956833245123134,0.5842582629397659
2018-03-01 14:14:00+00:00,0.0,0.0,1,-0.91452956199646,0.0
2018-03-01 19:00:00+00:00,-0.4019,0.0,1,-0.9131894111633301,0.0
2018-03-01 19:04:00+00:00,0.4939,0.0,1,0.021976985037326813,0.0
2018-03-01 19:35:00+00:00,-0.4215,0.0,1,-0.7468081712722778,0.0
2018-03-01 19:36:00+00:00,0.7964,0.0,1,0.642169177532196,0.0
2018-03-01 19:45:00+00:00,-0.2023,0.0,1,0.7689996361732483,0.0
2018-03-02 00:00:00+00:00,0.041899999999999986,0.4008611763025532,16,-0.016366211813874543,0.48155266822504217
2018-03-02 15:54:00+00:00,0.0,0.0,1,-0.047271862626075745,0.0
2018-03-02 19:04:00+00:00,-0.5994,0.0,1,0.020069409161806107,0.0
2018-03-02 19:11:00+00:00,0.0,0.0,1,-0.25767332315444946,0.0
2018-03-03 00:00:00+00:00,0.044044444444444435,0.38175975232694714,18,-0.025814884445733495,0.5150121734495465
2018-03-04 00:00:00+00:00,-0.23975294117647059,0.3850657640547376,17,-0.422753082588315,0.4185878868155742
2018-03-05 00:00:00+00:00,0.09650526315789475,0.3837453908137012,19,-0.21849312201926582,0.4994520699638562
2018-03-05 08:09:00+00:00,-0.9217,0.0,1,0.00024184584617614746,0.0
2018-03-05 20:17:00+00:00,0.4019,0.0,1,-0.08447699248790741,0.0
2018-03-06 00:00:00+00:00,-0.033253333333333336,0.40005932214872236,15,-0.26098297014832494,0.42675868328328265
2018-03-06 07:50:00+00:00,0.2732,0.0,1,-0.10615311563014984,0.0
2018-03-06 19:12:00+00:00,-0.2732,0.0,1,-0.874312698841095,0.0
2018-03-07 00:00:00+00:00,-0.07109428571428571,0.3995385654232946,35,-0.19256999673587935,0.5412604852499311
2018-03-07 00:57:00+00:00,-0.4588,0.0,1,-0.8933143615722656,0.0
2018-03-07 15:31:00+00:00,-0.5994,0.0,1,0.10960917919874191,0.0
2018-03-07 16:38:00+00:00,-0.0624,0.0,1,-0.6912776827812195,0.0
2018-03-07 19:01:00+00:00,0.34,0.0,1,0.0032418742775917053,0.0
2018-03-07 19:03:00+00:00,0.8316,0.0,1,-0.01293448731303215,0.0
2018-03-07 19:37:00+00:00,-0.0772,0.0,1,-0.052102021872997284,0.0
2018-03-07 19:38:00+00:00,0.2263,0.0,1,-0.6732377409934998,0.0
2018-03-08 00:00:00+00:00,-0.030088235294117652,0.47017019243348596,17,-0.3325496009167503,0.5634290903553812
2018-03-08 18:47:00+00:00,0.7414,0.0,1,0.5056578516960144,0.0
2018-03-08 18:50:00+00:00,-0.9118,0.0,1,-0.9286471605300903,0.0
2018-03-08 19:09:00+00:00,0.7184,0.0,1,0.260707825422287,0.0
2018-03-09 00:00:00+00:00,-0.09813823529411765,0.43008015603486444,34,-0.24709061325034676,0.6167707920358675
2018-03-09 19:36:00+00:00,-0.6369,0.0,1,0.19276151061058044,0.0
2018-03-11 00:00:00+00:00,-0.18303529411764707,0.4310111091102764,17,0.041354444097070134,0.356411420756302
2018-03-12 00:00:00+00:00,-0.08184374999999999,0.35083144474946937,16,-0.22687891009263694,0.529263587901693
2018-03-12 16:01:00+00:00,-0.4788,0.0,1,0.9112150073051453,0.0
2018-03-12 19:02:00+00:00,0.1779,0.0,1,0.0532020702958107,0.0
2018-03-12 19:23:00+00:00,0.7506,0.0,1,0.07995333522558212,0.0
2018-03-12 19:25:00+00:00,-0.3182,0.0,1,-0.8418159484863281,0.0
2018-03-13 00:00:00+00:00,-0.15813750000000001,0.44708041186951974,32,-0.3365599839598872,0.42759216180188336
2018-03-13 18:59:00+00:00,0.0,0.0,1,0.08823303878307343,0.0
2018-03-13 19:05:00+00:00,0.8555,0.0,1,0.04091395437717438,0.0
2018-03-13 19:25:00+00:00,-0.5423,0.0,1,-0.5806947946548462,0.0
2018-03-13 19:28:00+00:00,0.5859,0.0,1,0.007203929126262665,0.0
2018-03-14 00:00:00+00:00,-0.04508571428571428,0.4030256488443057,14,-0.2749740124813148,0.41892345573245615
2018-03-14 19:05:00+00:00,0.7184,0.0,1,0.04608158767223358,0.0
2018-03-14 19:19:00+00:00,0.3612,0.0,1,-0.05237128213047981,0.0
2018-03-14 19:20:00+00:00,0.0,0.0,1,0.009429745376110077,0.0
2018-03-14 20:11:00+00:00,-0.6908,0.0,1,0.04192175716161728,0.0
2018-03-15 00:00:00+00:00,-0.11180555555555556,0.4200609570221673,18,-0.17025671982102925,0.4655165259748689
2018-03-15 07:15:00+00:00,0.8442,0.0,1,0.05787064507603645,0.0
2018-03-15 19:00:00+00:00,0.6476,0.0,1,-0.27193546295166016,0.0
2018-03-15 19:04:00+00:00,0.7003,0.0,1,-0.01186932623386383,0.0
2018-03-15 19:21:00+00:00,-0.12294999999999998,0.6547101687006244,2,-0.8608282506465912,0.13563930595442728
2018-03-15 19:22:00+00:00,0.0,0.0,1,-0.5272688865661621,0.0
2018-03-16 00:00:00+00:00,-0.05909411764705883,0.306860394704555,17,-0.2484591044485569,0.5052594170444985
2018-03-16 18:59:00+00:00,-0.7003,0.0,1,0.044829919934272766,0.0
2018-03-16 19:20:00+00:00,0.5267,0.0,1,0.015031035989522934,0.0
2018-03-16 19:23:00+00:00,-0.0258,0.0,1,-0.6806389689445496,0.0
2018-03-18 00:00:00+00:00,0.0031882352941176484,0.301554978159773,17,-0.09716343803002554,0.3711819369465745
2018-03-19 00:00:00+00:00,0.02423157894736842,0.4140334058618829,19,-0.2068952566110774,0.4758212942746701
2018-03-19 16:39:00+00:00,-0.128,0.0,1,-0.6609463095664978,0.0
2018-03-19 19:01:00+00:00,-0.296,0.0,1,-0.5743781328201294,0.0
2018-03-19 19:47:00+00:00,0.3818,0.0,1,0.0021156631410121918,0.0
2018-03-20 00:00:00+00:00,-0.10184791666666666,0.5431308458744065,48,-0.2912842871931692,0.5990033685081118
2018-03-20 18:59:00+00:00,-0.6249,0.0,1,0.017025519162416458,0.0
2018-03-20 19:06:00+00:00,-0.4215,0.0,1,-0.03952907770872116,0.0
2018-03-21 00:00:00+00:00,-0.00022499999999999742,0.44679064778564687,40,-0.21787607097066938,0.5596513963405723
2018-03-21 19:01:00+00:00,0.5267,0.0,1,0.02987702190876007,0.0
2018-03-21 19:24:00+00:00,0.0,0.0,1,0.004754837602376938,0.0
2018-03-22 00:00:00+00:00,-0.03775365853658536,0.5237547656573451,41,-0.28345531570475274,0.585491657428658
2018-03-22 17:35:00+00:00,-0.5106,0.0,1,-0.9491976499557495,0.0
2018-03-22 19:02:00+00:00,0.0,0.0,1,-0.014629669487476349,0.0
2018-03-22 19:06:00+00:00,0.6597,0.0,1,0.010176459327340126,0.0
2018-03-22 19:40:00+00:00,-0.2202,0.31140982643455556,2,-0.7185419499874115,0.19198205598076062
2018-03-22 19:41:00+00:00,0.8316,0.0,1,0.0755920261144638,0.0
2018-03-22 19:47:00+00:00,0.0343,0.0,1,0.5626410841941833,0.0
2018-03-23 00:00:00+00:00,-0.025115384615384612,0.5129679878892934,39,-0.2628507543928348,0.6103939880667834
2018-03-23 19:02:00+00:00,0.2263,0.0,1,0.3516485393047333,0.0
2018-03-23 19:27:00+00:00,0.0,0.0,1,0.019310951232910156,0.0
2018-03-23 19:28:00+00:00,0.7964,0.0,1,0.07051127403974533,0.0
2018-03-24 00:00:00+00:00,-0.2682833333333334,0.4301993882685873,6,-0.6633872948586941,0.33439509119787314
2018-03-25 00:00:00+00:00,-0.1081952380952381,0.5216197575592689,21,-0.1396010769087644,0.5227626715016658
2018-03-26 00:00:00+00:00,0.13983529411764706,0.46873717316259045,34,-0.14711822361192284,0.6174946932971724
2018-03-26 09:10:00+00:00,-0.2177,0.0,1,0.0370287224650383,0.0
2018-03-26 19:06:00+00:00,0.0,0.0,1,-0.05654255300760269,0.0
2018-03-27 00:00:00+00:00,-0.07146,0.487250994868148,45,-0.30519648409552047,0.5827322997305433
2018-03-27 08:28:00+00:00,-0.5106,0.0,1,0.019380319863557816,0.0
2018-03-27 10:53:00+00:00,0.6523,0.0,1,0.9259602427482605,0.0
2018-03-27 19:32:00+00:00,0.6369,0.0,1,-0.0213937945663929,0.0
2018-03-27 19:33:00+00:00,0.5574,0.0,1,-0.24877215921878815,0.0
2018-03-28 00:00:00+00:00,0.04000697674418604,0.42883528883496297,43,0.02368806263561859,0.5624027335118251
2018-03-28 14:05:00+00:00,-0.3321,0.0,1,-0.9672279953956604,0.0
2018-03-28 18:56:00+00:00,0.7783,0.0,1,0.003929082304239273,0.0
2018-03-29 00:00:00+00:00,-0.08613023255813954,0.5005122992327741,43,-0.2754606008529663,0.6393695396262008
2018-03-29 19:04:00+00:00,0.4203,0.0,1,-0.01353662833571434,0.0
2018-03-29 19:46:00+00:00,0.2023,0.0,1,0.13814908266067505,0.0
2018-03-30 00:00:00+00:00,-0.19268999999999997,0.4585718078992645,30,-0.15698913509647053,0.6140420367478512
2018-03-31 00:00:00+00:00,-0.6392666666666666,0.35777250220403095,3,-0.6048323710759481,0.24853020521168967
2018-04-01 00:00:00+00:00,-0.23409999999999997,0.6171627986196186,2,-0.5075724422931671,0.5710123735618996
2018-04-02 00:00:00+00:00,-0.07805925925925926,0.4003531443606135,27,-0.2849164267105085,0.6384830788345218
2018-04-02 18:16:00+00:00,0.0,0.0,1,-0.9496937394142151,0.0
2018-04-02 18:55:00+00:00,-0.7783,0.0,1,-0.9631056785583496,0.0
2018-04-03 00:00:00+00:00,0.02666666666666666,0.4420163150914427,39,-0.2984792394324755,0.6630872583048697
2018-04-03 16:38:00+00:00,0.7783,0.0,1,0.4452047049999237,0.0
2018-04-03 17:41:00+00:00,-0.2732,0.0,1,0.9117177724838257,0.0
2018-04-04 00:00:00+00:00,-0.07330212765957447,0.46642654321207533,47,-0.20984177283467131,0.6157953953267502
2018-04-04 11:14:00+00:00,-0.4897,0.0,1,-0.8962728381156921,0.0
2018-04-04 12:17:00+00:00,0.1326,0.0,1,0.06678501516580582,0.0
2018-04-05 00:00:00+00:00,-0.04742195121951219,0.4054194565583867,41,-0.1767189874336487,0.5645234268663202
2018-04-05 09:59:00+00:00,-0.296,0.0,1,-0.9665426015853882,0.0
2018-04-05 18:55:00+00:00,-0.6597,0.0,1,-0.17318207025527954,0.0
2018-04-05 19:00:00+00:00,0.8689,0.0,1,0.870120644569397,0.0
2018-04-05 19:29:00+00:00,-0.15615,0.4724180405107324,2,-0.3565477170050144,0.571460768614851
2018-04-06 00:00:00+00:00,-0.29398684210526316,0.48866968679790607,38,-0.39676905207728086,0.5864459556097673
2018-04-06 19:01:00+00:00,-0.5719,0.0,1,0.021428458392620087,0.0
2018-04-06 19:03:00+00:00,-0.58985,0.2658014390480232,2,-0.3186520114541054,0.6008609297279967
2018-04-07 00:00:00+00:00,-0.12918,0.38430058808177747,5,-0.5423493757843971,0.4616500070466327
2018-04-08 00:00:00+00:00,-0.25643333333333335,0.5355637808266475,3,-0.8273239334424337,0.01961207832400396
2018-04-09 00:00:00+00:00,-0.042697142857142864,0.44425879877129537,35,-0.14020725334329265,0.577200441782677
2018-04-09 03:08:00+00:00,0.6428,0.0,1,-0.028977513313293457,0.0
2018-04-09 07:03:00+00:00,0.1779,0.0,1,-0.0660935565829277,0.0
2018-04-09 19:19:00+00:00,-0.5538,0.0,1,-0.7075614333152771,0.0
2018-04-09 19:20:00+00:00,-0.07655,0.10825804819966044,2,-0.27868250757455826,0.4549905184443984
2018-04-10 00:00:00+00:00,-0.01668222222222222,0.46333229695763745,45,-0.04657397311594751,0.6693956452716545
2018-04-10 10:13:00+00:00,0.4939,0.0,1,0.16793903708457947,0.0
2018-04-10 17:23:00+00:00,0.9641,0.0,1,0.8100337386131287,0.0
2018-04-10 19:15:00+00:00,0.7096,0.0,1,0.03726354241371155,0.0
2018-04-10 19:41:00+00:00,0.3818,0.0,1,0.060158852487802505,0.0
2018-04-10 19:42:00+00:00,-0.5423,0.0,1,-0.08767476677894592,0.0
2018-04-10 20:49:00+00:00,0.0,0.0,1,-0.7063623666763306,0.0
2018-04-11 00:00:00+00:00,0.014607142857142855,0.35384533028744886,56,-0.050547997533742874,0.5882105640198524
2018-04-11 06:06:00+00:00,0.8918,0.0,1,0.9087674617767334,0.0
2018-04-11 18:59:00+00:00,0.2937,0.0,1,-0.8903392553329468,0.0
2018-04-12 00:00:00+00:00,0.1346622222222222,0.39350663635901467,45,0.124925480534633,0.6239142891858757
2018-04-12 19:00:00+00:00,0.4019,0.0,1,-0.040146805346012115,0.0
2018-04-12 19:33:00+00:00,0.2263,0.0,1,-0.831331729888916,0.0
2018-04-13 00:00:00+00:00,0.08837368421052631,0.4175239890723941,38,-0.10633876360952854,0.5693136103070632
2018-04-13 19:04:00+00:00,0.6705,0.0,1,0.08558224141597748,0.0
2018-04-13 19:42:00+00:00,0.42745,0.4234862512526233,2,-0.3507789885625243,0.5080362693427833
2018-04-13 19:43:00+00:00,-0.2746,0.0,1,-0.017581962049007416,0.0
2018-04-14 00:00:00+00:00,0.04914999999999997,0.8577912362574007,2,-0.015397489070892334,0.7538949249491582
2018-04-15 00:00:00+00:00,-0.0033095238095238073,0.3861782475810385,21,-0.2905315233483201,0.5269040420832164
2018-04-16 00:00:00+00:00,-0.06543846153846153,0.39688681179464536,39,-0.17700096735587487,0.6782291080840259
2018-04-16 19:00:00+00:00,0.0,0.0,1,0.03970354050397873,0.0
2018-04-16 19:24:00+00:00,-0.7178,0.0,1,-0.9221972227096558,0.0
2018-04-17 00:00:00+00:00,-0.01636923076923077,0.4952497897945015,39,-0.3064711323151222,0.704319806033934
2018-04-17 19:00:00+00:00,0.4215,0.0,1,0.25984492897987366,0.0
2018-04-17 19:03:00+00:00,0.4588,0.0,1,0.005805250257253647,0.0
2018-04-17 19:53:00+00:00,-0.0351,0.0,1,-0.0874362364411354,0.0
2018-04-18 00:00:00+00:00,-0.0740896551724138,0.5057959606577874,29,-0.3950387115493931,0.471853651434632
2018-04-18 19:02:00+00:00,0.7906,0.0,1,0.06569363176822662,0.0
2018-04-18 20:05:00+00:00,-0.6808,0.0,1,-0.8520458340644836,0.0
2018-04-18 20:06:00+00:00,-0.3847,0.0,1,-0.9371660947799683,0.0
2018-04-19 00:00:00+00:00,0.0008722222222222249,0.44224130104413173,36,-0.18665579923739037,0.6462106835297349
2018-04-19 19:04:00+00:00,0.8221,0.0,1,0.03026237152516842,0.0
2018-04-19 19:15:00+00:00,-0.9707,0.0,1,-0.9190443158149719,0.0
2018-04-19 19:18:00+00:00,-0.9601,0.0,1,-0.9393541812896729,0.0
2018-04-20 00:00:00+00:00,-0.2274962962962963,0.47100998885494944,27,-0.4486722484644916,0.5595263167908533
2018-04-20 19:02:00+00:00,0.4391,0.0,1,0.02223226986825466,0.0
2018-04-20 19:22:00+00:00,0.2716,0.0,1,0.07449738681316376,0.0
2018-04-20 19:24:00+00:00,-0.1531,0.0,1,-0.11847692728042603,0.0
2018-04-21 00:00:00+00:00,0.296,0.0,1,-0.9332084059715271,0.0
2018-04-22 00:00:00+00:00,0.012805882352941167,0.4130630951661444,17,-0.30008099447278413,0.5434737717473903
2018-04-23 00:00:00+00:00,-0.06796774193548387,0.41405334550602435,31,-0.04026169798547222,0.6539587699503742
2018-04-23 19:00:00+00:00,0.6369,0.0,1,0.14396511018276215,0.0
2018-04-23 19:19:00+00:00,-0.8313,0.0,1,-0.2532110810279846,0.0
2018-04-23 19:20:00+00:00,0.3182,0.0,1,-0.21329079568386078,0.0
2018-04-23 19:21:00+00:00,-0.6369,0.0,1,-0.8694116473197937,0.0
2018-04-24 00:00:00+00:00,0.01366551724137931,0.47470929546096347,29,-0.06923932672060769,0.6689948827027402
2018-04-24 19:21:00+00:00,0.0,0.0,1,0.004350053146481514,0.0
2018-04-24 19:28:00+00:00,-0.2263,0.0,1,-0.32306385040283203,0.0
2018-04-24 19:29:00+00:00,0.13945,0.765584511990675,2,-0.23909659683704376,0.29839760118812847
2018-04-25 00:00:00+00:00,0.04101320754716981,0.41988357728786235,53,-0.19678597528276578,0.6560567089924867
2018-04-25 19:16:00+00:00,0.7355,0.0,1,-0.025234758853912354,0.0
2018-04-25 19:17:00+00:00,-0.6908,0.0,1,-0.08955252170562744,0.0
2018-04-26 00:00:00+00:00,0.06347272727272728,0.46751670041877064,33,-0.09348940747705373,0.7131348045132724
2018-04-26 04:58:00+00:00,0.2003,0.0,1,0.055658113211393356,0.0
2018-04-26 09:45:00+00:00,0.8074,0.0,1,0.8222562670707703,0.0
2018-04-26 10:56:00+00:00,0.0,0.0,1,0.03909562528133392,0.0
2018-04-26 13:25:00+00:00,0.0,0.0,1,0.0820135772228241,0.0
2018-04-26 19:24:00+00:00,0.0382,0.0,1,-0.09246031194925308,0.0
2018-04-26 19:35:00+00:00,0.7096,0.0,1,0.2319715917110443,0.0
2018-04-27 00:00:00+00:00,0.004917857142857136,0.5146910681129391,28,-0.07549974668238844,0.6251980102302247
2018-04-27 19:11:00+00:00,0.5849,0.0,1,-0.0339110866189003,0.0
2018-04-28 00:00:00+00:00,-0.20785555555555557,0.38221089685303666,18,-0.5483175503710905,0.49477764450747663
2018-04-29 00:00:00+00:00,0.33365999999999996,0.5881680652670629,5,0.2795615315437317,0.7252620805357073
2018-04-30 00:00:00+00:00,-0.031079310344827586,0.4400159910887252,29,-0.13224763410358592,0.5730900675583928
2018-04-30 18:59:00+00:00,0.8936,0.0,1,0.08567646145820618,0.0
2018-04-30 19:02:00+00:00,0.7096,0.0,1,-0.2835831046104431,0.0
2018-05-01 00:00:00+00:00,0.027194736842105258,0.4177755982672023,57,-0.22896591443241687,0.6149725671880056
2018-05-01 19:02:00+00:00,0.4588,0.0,1,-0.3489407002925873,0.0
2018-05-01 19:16:00+00:00,0.296,0.0,1,0.057861410081386566,0.0
2018-05-01 19:17:00+00:00,-0.1027,0.0,1,-0.9300641417503357,0.0
2018-05-02 00:00:00+00:00,0.17095714285714286,0.42897108710428095,21,-0.05207852966019085,0.6297270165040214
2018-05-02 19:03:00+00:00,0.47585,0.6729535236552373,2,0.023523258045315742,0.009936685884720133
2018-05-03 00:00:00+00:00,-0.08201428571428572,0.49584827443533996,35,-0.3747715475303786,0.6503715126837457
2018-05-03 07:25:00+00:00,0.8074,0.0,1,-0.5221858620643616,0.0
2018-05-03 16:42:00+00:00,0.0,0.0,1,0.04099003225564957,0.0
2018-05-03 18:39:00+00:00,0.0,0.0,1,0.6884871125221252,0.0
2018-05-03 19:00:00+00:00,0.9217,0.0,1,0.13686306774616241,0.0
2018-05-03 19:17:00+00:00,0.8555,0.0,1,0.09600970149040222,0.0
2018-05-04 00:00:00+00:00,-0.09544324324324324,0.47823848510302225,37,-0.2644321440744239,0.6372205410261369
2018-05-04 12:38:00+00:00,-0.1779,0.0,1,-0.04438331350684166,0.0
2018-05-04 19:04:00+00:00,0.8481,0.0,1,0.029696069657802582,0.0
2018-05-04 19:16:00+00:00,-0.038500000000000006,0.5943939602654118,2,-0.3228060845285654,0.4202005893677212
2018-05-05 00:00:00+00:00,-0.03729629629629629,0.5106818469770673,27,-0.26734262215042554,0.6670810058654711
2018-05-06 00:00:00+00:00,0.0835,0.6423550965003704,9,-0.22458261541194385,0.716663124593086
2018-05-07 00:00:00+00:00,-0.20782307692307692,0.44822433517843924,26,-0.4078865320636676,0.5546589477013434
2018-05-07 19:20:00+00:00,-0.0031999999999999806,0.8240622427948024,2,0.28367780148983,0.752337619970105
2018-05-08 00:00:00+00:00,-0.04460555555555555,0.4801153200426774,36,-0.24593758733115262,0.6090856239737661
2018-05-08 11:26:00+00:00,-0.4588,0.0,1,-0.697761595249176,0.0
2018-05-08 19:04:00+00:00,0.1027,0.0,1,-0.008530110120773315,0.0
2018-05-08 19:27:00+00:00,-0.7003,0.0,1,-0.3698318600654602,0.0
2018-05-09 00:00:00+00:00,-0.016183870967741935,0.42241903373843853,31,-0.24446648876032523,0.6838849896009673
2018-05-09 19:04:00+00:00,0.2732,0.0,1,-0.016660016030073166,0.0
2018-05-10 00:00:00+00:00,-0.15210370370370369,0.419259173085723,27,-0.38222343033110656,0.588425260040584
2018-05-11 00:00:00+00:00,0.011570000000000006,0.41076750379309923,30,-0.19075322194645802,0.5724355552955472
2018-05-11 19:54:00+00:00,0.10705,0.4714280910170712,2,0.2674582600593567,0.28877722476730455
2018-05-12 00:00:00+00:00,-0.08361500000000001,0.4428488839024935,20,-0.4407116902992129,0.5171633784467313
2018-05-13 00:00:00+00:00,-0.8074,0.0,1,-0.9652799963951111,0.0
2018-05-14 00:00:00+00:00,0.18466904761904762,0.4447880215794196,42,-0.11141526925244502,0.6828539863391712
2018-05-14 19:45:00+00:00,-0.34,0.0,1,0.04086412489414215,0.0
2018-05-15 00:00:00+00:00,-0.01596590909090909,0.41376360341196833,44,-0.22106156481260603,0.6627888473004071
2018-05-15 19:00:00+00:00,0.765,0.0,1,-0.06999664008617401,0.0
2018-05-15 19:01:00+00:00,0.0258,0.0,1,-0.6364130973815918,0.0
2018-05-15 19:25:00+00:00,0.3195,0.0,1,-0.83320152759552,0.0
2018-05-15 19:26:00+00:00,-0.4019,0.0,1,-0.22307775914669037,0.0
2018-05-16 00:00:00+00:00,-0.179021568627451,0.35302230202281865,51,-0.206843530649648,0.5947086723967422
2018-05-16 06:41:00+00:00,0.4939,0.0,1,-0.006738781929016113,0.0
2018-05-16 19:03:00+00:00,-0.1659,0.8834592124144725,2,-0.04698505438864231,0.09492071667498025
2018-05-16 19:29:00+00:00,0.0,0.0,1,0.5415372848510742,0.0
2018-05-16 19:30:00+00:00,-0.4325,0.0,1,0.018440956249833107,0.0
2018-05-17 00:00:00+00:00,0.08540263157894737,0.4598375056631519,38,0.06057550836550562,0.5778734138107706
2018-05-17 18:46:00+00:00,-0.6808,0.0,1,-0.905653178691864,0.0
2018-05-17 19:10:00+00:00,0.6486,0.0,1,-0.840971827507019,0.0
2018-05-18 00:00:00+00:00,-0.04926785714285715,0.41611469664773176,56,-0.3063617090228945,0.5833185087350525
2018-05-19 00:00:00+00:00,-0.125975,0.22749044485428394,4,-0.19193343073129654,0.8078004554722406
2018-05-20 00:00:00+00:00,-0.20029999999999998,0.6378245213222835,4,0.09006098657846451,0.8551278612150247
2018-05-21 00:00:00+00:00,-0.053193478260869564,0.4063498784721111,46,-0.2708257887836384,0.5353969870285693
2018-05-21 19:16:00+00:00,0.4144,0.0,1,0.05965777114033699,0.0
2018-05-22 00:00:00+00:00,-0.12624848484848483,0.49911422360092844,33,-0.12089395398894946,0.60164666053501
2018-05-22 09:58:00+00:00,0.5719,0.0,1,-0.8140736222267151,0.0
2018-05-22 13:24:00+00:00,0.3182,0.0,1,0.07782839238643646,0.0
2018-05-22 19:35:00+00:00,-0.296,0.0,1,-0.04416841268539429,0.0
2018-05-23 00:00:00+00:00,-0.10063823529411764,0.4862536593394788,34,-0.3035472755813423,0.5532386228041509
2018-05-23 10:51:00+00:00,-0.25,0.0,1,0.09948857128620148,0.0
2018-05-23 19:00:00+00:00,-0.8268,0.0,1,-0.6525651216506958,0.0
2018-05-23 19:02:00+00:00,0.6597,0.0,1,0.07341266423463821,0.0
2018-05-23 19:55:00+00:00,0.7906,0.0,1,0.5524474382400513,0.0
2018-05-24 00:00:00+00:00,-0.02699565217391304,0.4763061093020476,46,-0.2284434732940534,0.6135535957540702
2018-05-24 19:01:00+00:00,0.4215,0.0,1,0.0730731338262558,0.0
2018-05-24 19:05:00+00:00,0.3961,0.0,1,0.05419793725013733,0.0
2018-05-24 19:23:00+00:00,0.0,0.0,1,0.04377884790301323,0.0
2018-05-25 00:00:00+00:00,-0.06107021276595744,0.44555880298734857,47,-0.32842859292918064,0.5295999601073581
2018-05-27 00:00:00+00:00,0.05732272727272727,0.4283046244948055,22,-0.047940470786257225,0.5157018673676019
2018-05-28 00:00:00+00:00,-0.11421666666666665,0.4999520313656768,6,-0.19384236292292675,0.3442458202876787
2018-05-29 00:00:00+00:00,-0.044109999999999996,0.5135773805536286,50,-0.1129665144532919,0.6012769113005422
2018-05-29 15:48:00+00:00,0.6808,0.0,1,-0.34515199065208435,0.0
2018-05-29 19:23:00+00:00,0.0,0.0,1,0.1091959998011589,0.0
2018-05-29 19:34:00+00:00,0.0,0.0,1,-0.7441407442092896,0.0
2018-05-29 21:28:00+00:00,-0.7506,0.0,1,0.05615093559026718,0.0
2018-05-30 00:00:00+00:00,-0.0369375,0.48179445435787244,40,-0.2880620929878205,0.6052021778076706
2018-05-30 19:03:00+00:00,-0.7579,0.0,1,-0.0024163275957107544,0.0
2018-05-30 19:05:00+00:00,-0.7184,0.0,1,-0.04282096400856972,0.0
2018-05-31 00:00:00+00:00,-0.10637708333333333,0.4787717900111294,48,-0.38067748498482007,0.5690818552536876
2018-05-31 01:21:00+00:00,0.6369,0.0,1,0.22269833087921143,0.0
2018-05-31 19:14:00+00:00,0.5719,0.0,1,0.44577279686927795,0.0
2018-06-01 00:00:00+00:00,-0.15716000000000002,0.4527171931978608,60,-0.34511478981003163,0.5885564363168088
2018-06-01 19:01:00+00:00,0.058,0.0,1,-0.914517343044281,0.0
2018-06-01 19:44:00+00:00,0.64855,0.2170110711461515,2,0.26798093877732754,0.3212564212642356
2018-06-02 00:00:00+00:00,0.099625,0.6587286125560358,8,0.14336556033231318,0.7312733123313294
2018-06-03 00:00:00+00:00,-0.2799625,0.515111274906417,8,0.01216848660260439,0.6706103490885714
2018-06-04 00:00:00+00:00,-0.15574727272727273,0.39888490396703985,55,-0.22766217003491793,0.5836456874827859
2018-06-04 19:03:00+00:00,-0.7089,0.0,1,-0.0402374342083931,0.0
2018-06-04 19:14:00+00:00,0.0,0.0,1,0.004255589097738266,0.0
2018-06-04 19:15:00+00:00,-0.6369,0.0,1,-0.21287989616394043,0.0
2018-06-05 00:00:00+00:00,-0.120685,0.512580526531673,40,-0.3050028752535582,0.6137686120152186
2018-06-05 19:02:00+00:00,0.4588,0.0,1,0.021309273317456245,0.0
2018-06-05 19:38:00+00:00,-0.6369,0.0,1,-0.8513932228088379,0.0
2018-06-05 19:39:00+00:00,0.0,0.0,1,0.008017292246222496,0.0
2018-06-06 00:00:00+00:00,0.022702564102564108,0.49452894944114,39,-0.145491569613417,0.5943103901177798
2018-06-06 02:31:00+00:00,0.5267,0.0,1,-0.07282119989395142,0.0
2018-06-06 18:59:00+00:00,0.1154,0.0,1,0.020787443965673447,0.0
2018-06-06 19:02:00+00:00,0.0516,0.0,1,0.055331774055957794,0.0
2018-06-06 19:15:00+00:00,-0.1027,0.0,1,-0.8766872882843018,0.0
2018-06-07 00:00:00+00:00,-0.09765645161290322,0.4105945419857819,62,-0.3214373578948359,0.534611021764094
2018-06-07 13:51:00+00:00,-0.7351,0.0,1,-0.15200400352478027,0.0
2018-06-08 00:00:00+00:00,-0.021104761904761907,0.4662489934350638,42,-0.26510853692889214,0.5891217410525588
2018-06-08 19:04:00+00:00,0.8092,0.0,1,0.05005725473165512,0.0
2018-06-09 00:00:00+00:00,-0.030433333333333333,0.6393669756280892,15,-0.1976958672205607,0.6117945429017354
2018-06-10 00:00:00+00:00,-0.10663333333333334,0.45037051284534574,24,-0.26363215028929216,0.626965034530192
2018-06-11 00:00:00+00:00,-0.21239999999999998,0.4433312096858076,28,-0.2583634705681886,0.6423647584733007
2018-06-11 18:50:00+00:00,0.296,0.0,1,0.1874849945306778,0.0
2018-06-11 19:04:00+00:00,0.25485,0.5056520592265001,2,-0.14184672571718693,0.25833770393063393
2018-06-12 00:00:00+00:00,-0.0025404255319148904,0.39149335418845616,47,-0.3565499650988173,0.5477929637869189
2018-06-12 10:27:00+00:00,0.3597,0.0,1,-0.5458236336708069,0.0
2018-06-12 18:53:00+00:00,0.7717,0.0,1,-0.03363776206970215,0.0
2018-06-12 18:59:00+00:00,0.4767,0.0,1,0.1678849458694458,0.0
2018-06-12 19:00:00+00:00,-0.2023,0.0,1,0.11873428523540497,0.0
2018-06-13 00:00:00+00:00,0.017924137931034468,0.48318121611962256,29,-0.1693005981887209,0.6545296053864956
2018-06-13 19:15:00+00:00,0.5267,0.0,1,0.004369959235191345,0.0
2018-06-13 19:19:00+00:00,-0.296,0.0,1,-0.043947409838438034,0.0
2018-06-13 19:32:00+00:00,0.6486,0.0,1,0.18537938594818115,0.0
2018-06-14 00:00:00+00:00,-0.12685172413793103,0.39030757982893594,29,-0.44740538427542,0.46529892900041475
2018-06-14 16:11:00+00:00,0.4939,0.0,1,-0.012656958773732185,0.0
2018-06-14 19:08:00+00:00,-0.4356,0.0,1,-0.5167496800422668,0.0
2018-06-14 19:09:00+00:00,-0.0516,0.0,1,-0.5260821580886841,0.0
2018-06-15 00:00:00+00:00,-0.06073243243243243,0.48353449667471965,37,-0.24552609006295334,0.6655336089108426
2018-06-15 17:21:00+00:00,0.0,0.0,1,0.007525637745857239,0.0
2018-06-15 17:35:00+00:00,-0.917,0.0,1,-0.6342771053314209,0.0
2018-06-15 18:55:00+00:00,0.8126,0.0,1,0.17138734459877014,0.0
2018-06-15 19:01:00+00:00,-0.3818,0.0,1,0.19414450228214264,0.0
2018-06-16 00:00:00+00:00,0.20144,0.5075956540397091,5,-0.06049081087112427,0.6090470718351311
2018-06-17 00:00:00+00:00,-0.05456111111111112,0.41706680398579804,18,-0.33990623160368866,0.5203434716584829
2018-06-18 00:00:00+00:00,-0.0755175,0.4765954543654344,40,-0.20575101389549671,0.5789953224229404
2018-06-18 16:58:00+00:00,-0.7876,0.0,1,-0.953662097454071,0.0
2018-06-19 00:00:00+00:00,-0.18388032786885244,0.4412007282479908,61,-0.2998920321220257,0.6104412464910832
2018-06-19 10:59:00+00:00,-0.7759,0.0,1,0.024371854960918427,0.0
2018-06-19 16:56:00+00:00,0.9482,0.0,1,0.9318680763244629,0.0
2018-06-19 18:53:00+00:00,0.296,0.0,1,-0.04648313671350479,0.0
2018-06-19 18:59:00+00:00,-0.5916,0.0,1,-0.14367111027240753,0.0
2018-06-20 00:00:00+00:00,-0.00038333333333333736,0.518995665622517,42,-0.10045875600051313,0.6737550675494934
2018-06-20 15:30:00+00:00,-0.2263,0.0,1,-0.9027667045593262,0.0
2018-06-20 19:01:00+00:00,0.7783,0.0,1,0.0283663347363472,0.0
2018-06-21 00:00:00+00:00,-0.07016666666666667,0.4603081961215406,33,-0.2796959642207984,0.6822970715546179
2018-06-21 11:36:00+00:00,0.6124,0.0,1,-0.08037407696247101,0.0
2018-06-21 18:52:00+00:00,-0.0516,0.0,1,-0.15778042376041412,0.0
2018-06-21 19:00:00+00:00,0.533,0.0,1,0.3442988693714142,0.0
2018-06-21 21:16:00+00:00,0.7964,0.0,1,0.44167593121528625,0.0
2018-06-22 00:00:00+00:00,-0.2454,0.45619944609280777,27,-0.44897520555942144,0.5326378314111878
2018-06-22 18:51:00+00:00,-0.5574,0.0,1,-0.10134022682905197,0.0
2018-06-23 00:00:00+00:00,0.23653333333333335,0.4096877510169584,3,0.48960083971420926,0.34885094801996547
2018-06-24 00:00:00+00:00,-0.21895,0.43785939759108006,18,-0.4538339955939187,0.4051762650513125
2018-06-25 00:00:00+00:00,-0.1151,0.3097888853531904,44,-0.26671099374917423,0.5441485014939822
2018-06-26 00:00:00+00:00,0.0036032258064516063,0.3827578986634337,31,-0.1488791001179526,0.6678309105703294
2018-06-27 00:00:00+00:00,-0.1633,0.42627457600277013,42,-0.4282923797588973,0.5918526937860384
2018-06-27 12:20:00+00:00,-0.5423,0.0,1,-0.6258814930915833,0.0
2018-06-28 00:00:00+00:00,-0.037365909090909095,0.5289972448792641,44,-0.21044303078881718,0.6322650059080626
2018-06-29 00:00:00+00:00,0.16305897435897437,0.47813823299496977,39,-0.04011513168613116,0.6940029204581397
2018-06-30 00:00:00+00:00,0.181775,0.762439166425755,4,-0.01160504948347807,0.6607268671622818
2018-07-01 00:00:00+00:00,0.04258333333333333,0.4885603398421393,6,-0.04133123407761256,0.7414110135870243
2018-07-02 00:00:00+00:00,-0.13228684210526317,0.45916069975616275,38,-0.18858629425889567,0.6768695869069854
2018-07-03 00:00:00+00:00,-0.00706666666666667,0.4132964907070579,27,-0.29628967217825075,0.6834035579245632
2018-07-04 00:00:00+00:00,-0.06787241379310345,0.42382596149881385,29,-0.1614869385957718,0.65068191779658
2018-07-05 00:00:00+00:00,-0.09858928571428571,0.4752211277408895,28,-0.48260410289679256,0.5989157653380998
2018-07-05 19:01:00+00:00,0.5719,0.0,1,-0.15778568387031555,0.0
2018-07-06 00:00:00+00:00,-0.19338181818181818,0.44810051080543406,33,-0.3402725760683869,0.6429490326005987
2018-07-06 19:03:00+00:00,0.26580000000000004,0.6959344940438001,2,0.11933841928839684,0.13156758848184288
2018-07-07 00:00:00+00:00,-0.03237499999999999,0.6474462571004124,4,-0.015930358320474625,0.7381388135807196
2018-07-08 00:00:00+00:00,-0.27603333333333335,0.30903293180691355,18,-0.12771441001031134,0.43788563932915237
2018-07-09 00:00:00+00:00,-0.08340333333333333,0.45943321565128287,30,-0.32805941440165043,0.5728186587360513
2018-07-09 15:25:00+00:00,-0.1027,0.0,1,-0.31478989124298096,0.0
2018-07-09 18:29:00+00:00,0.296,0.0,1,0.019185252487659454,0.0
2018-07-09 18:57:00+00:00,-0.2263,0.0,1,0.06746910512447357,0.0
2018-07-09 19:01:00+00:00,0.4215,0.0,1,0.10529429465532303,0.0
2018-07-10 00:00:00+00:00,-0.09301935483870967,0.5486163975064027,31,-0.09735616476785752,0.6216367603347205
2018-07-10 19:05:00+00:00,0.7783,0.0,1,0.0684601217508316,0.0
2018-07-11 00:00:00+00:00,-0.10676111111111113,0.44719182926204065,36,-0.18880208529945877,0.7563539459840333
2018-07-11 11:06:00+00:00,0.9246,0.0,1,-0.08055442571640015,0.0
2018-07-11 11:07:00+00:00,0.765,0.0,1,0.5264269113540649,0.0
2018-07-11 11:14:00+00:00,-0.3252,0.0,1,-0.016665704548358917,0.0
2018-07-11 11:19:00+00:00,0.0,0.0,1,0.2952636480331421,0.0
2018-07-11 14:10:00+00:00,0.8519,0.0,1,0.1540689617395401,0.0
2018-07-11 19:07:00+00:00,0.1531,0.0,1,0.823974072933197,0.0
2018-07-11 19:08:00+00:00,0.5574,0.0,1,0.012085039168596268,0.0
2018-07-12 00:00:00+00:00,-0.024870833333333352,0.6194197091381906,24,-0.09052195958793163,0.8049999480451182
2018-07-12 07:57:00+00:00,0.5574,0.0,1,0.9352228045463562,0.0
2018-07-12 08:53:00+00:00,-0.743,0.0,1,-0.8449495434761047,0.0
2018-07-12 13:12:00+00:00,0.7178,0.0,1,-0.3116060793399811,0.0
2018-07-12 18:26:00+00:00,0.5574,0.0,1,0.5495808124542236,0.0
2018-07-13 00:00:00+00:00,-0.09044444444444445,0.510003295934251,63,-0.3387540535380443,0.6049488709601554
2018-07-13 01:16:00+00:00,-0.7351,0.0,1,-0.0020028352737426758,0.0
2018-07-13 18:54:00+00:00,0.7192000000000001,0.14608826099314068,2,0.04224156588315964,0.01724930371279594
2018-07-13 18:55:00+00:00,-0.5209,0.0,1,-0.8118877410888672,0.0
2018-07-13 19:05:00+00:00,-0.7845,0.0,1,-0.9274951219558716,0.0
2018-07-14 00:00:00+00:00,-0.07655,0.10825804819966044,2,-0.17624524235725403,0.4526243206120119
2018-07-15 00:00:00+00:00,0.06463749999999999,0.36727613565467143,8,0.4307021168060601,0.4980282897048019
2018-07-16 00:00:00+00:00,0.005893181818181828,0.4725140713532772,44,-0.05401667072014375,0.7455855887025821
2018-07-17 00:00:00+00:00,-0.06828235294117646,0.467811863340759,51,-0.26055672998521845,0.6932586110835189
2018-07-17 18:54:00+00:00,-0.7906,0.0,1,-0.9268855452537537,0.0
2018-07-17 19:04:00+00:00,0.62615,0.23666863966313745,2,0.026681959629058838,0.1518560856356912
2018-07-18 00:00:00+00:00,0.17424375,0.44462149664546746,48,-0.20074025626915196,0.6316037944047997
2018-07-18 18:55:00+00:00,0.3612,0.0,1,-0.3642421364784241,0.0
2018-07-18 19:06:00+00:00,0.6124,0.0,1,0.06228889524936676,0.0
2018-07-19 00:00:00+00:00,-0.051143396226415096,0.4374218174140177,53,-0.25046990952401793,0.6364142041803464
2018-07-19 18:36:00+00:00,-0.1639,0.0,1,0.6255242824554443,0.0
2018-07-19 18:59:00+00:00,0.8225,0.0,1,0.0239865779876709,0.0
2018-07-19 23:03:00+00:00,-0.0516,0.0,1,0.19443053007125854,0.0
2018-07-20 00:00:00+00:00,-0.03729999999999999,0.48678200322800214,16,-0.3528357408940792,0.5840767860830784
2018-07-21 00:00:00+00:00,-0.163936,0.40332717889243885,25,-0.25701298624277114,0.4915993215376056
2018-07-22 00:00:00+00:00,-0.18688333333333332,0.48300105762479095,6,-0.6560768137375513,0.5074561150700678
2018-07-23 00:00:00+00:00,0.012254545454545449,0.426576315776929,33,-0.2347970072067145,0.6073425807476289
2018-07-23 19:04:00+00:00,-0.8034,0.0,1,-0.9205955862998962,0.0
2018-07-23 19:05:00+00:00,0.296,0.0,1,0.013808585703372955,0.0
2018-07-24 00:00:00+00:00,-0.032200000000000006,0.5231377215845563,48,-0.13903377659153193,0.6512849375297542
2018-07-24 11:01:00+00:00,0.5994,0.0,1,0.14720140397548676,0.0
2018-07-24 17:03:00+00:00,0.4215,0.0,1,-0.8852203488349915,0.0
2018-07-24 18:35:00+00:00,0.0,0.0,1,-0.15363097190856934,0.0
2018-07-24 18:41:00+00:00,0.3818,0.0,1,0.18318897485733032,0.0
2018-07-24 19:02:00+00:00,0.7979,0.08881261171703037,2,0.05838178098201752,0.03512204360876502
2018-07-24 19:30:00+00:00,0.8225,0.0,1,0.22563304007053375,0.0
2018-07-24 23:54:00+00:00,0.0,0.0,1,-0.5562751293182373,0.0
2018-07-25 00:00:00+00:00,-0.05941282051282051,0.4937823232215242,39,-0.14275463522435763,0.6637918321951725
2018-07-25 08:31:00+00:00,-0.2732,0.0,1,-0.9344021677970886,0.0
2018-07-26 00:00:00+00:00,-0.05474255319148936,0.46960221823076237,47,-0.29793501486803625,0.7493035550966776
2018-07-27 00:00:00+00:00,0.069115,0.573626383334915,20,-0.14521121345460414,0.7141036531416056
2018-07-28 00:00:00+00:00,-0.17425882352941177,0.49797956290748463,17,-0.34602905152475133,0.6577528118996919
2018-07-28 10:50:00+00:00,0.0,0.0,1,0.9280762076377869,0.0
2018-07-29 00:00:00+00:00,0.022450000000000025,0.6967983232853918,4,-0.25688768550753593,0.8423560325587944
2018-07-30 00:00:00+00:00,-0.20035666666666666,0.3623210318577115,30,-0.11272917563716571,0.6296715231779438
2018-07-30 18:57:00+00:00,0.09210000000000002,1.107187797981896,2,0.05429625138640404,0.22885878352851152
2018-07-30 19:06:00+00:00,0.477,0.0,1,0.639305830001831,0.0
2018-07-30 19:07:00+00:00,-0.34,0.0,1,0.38233011960983276,0.0
2018-07-31 00:00:00+00:00,-0.046974999999999996,0.4369102111604615,44,-0.23046933258460325,0.6380563737180345
2018-07-31 18:50:00+00:00,0.0772,0.0,1,0.19162742793560028,0.0
2018-07-31 19:07:00+00:00,0.8225,0.0,1,0.0705156922340393,0.0
2018-08-01 00:00:00+00:00,0.25003684210526317,0.48845882143116026,19,0.027792963150300477,0.8043771426849119
2018-08-01 18:43:00+00:00,-0.1027,0.0,1,-0.7874351143836975,0.0
2018-08-01 19:06:00+00:00,0.6597,0.0,1,0.01656307280063629,0.0
2018-08-02 00:00:00+00:00,-0.05246875,0.49388423450011637,48,-0.22378159306632975,0.6712181314698428
2018-08-02 18:56:00+00:00,0.743,0.0,1,-0.1522340476512909,0.0
2018-08-02 18:57:00+00:00,0.5283,0.0,1,0.8893637657165527,0.0
2018-08-02 19:03:00+00:00,0.7823,0.0,1,0.2570827901363373,0.0
2018-08-02 19:06:00+00:00,-0.4215,0.0,1,-0.43883612751960754,0.0
2018-08-03 00:00:00+00:00,0.21368333333333334,0.5259530198769155,18,0.0472353125611941,0.7104892890355375
2018-08-03 18:40:00+00:00,0.0516,0.0,1,-0.014975519850850105,0.0
2018-08-04 00:00:00+00:00,-0.0053166666666666605,0.4512286002747192,18,-0.10835916052261989,0.6157157772627626
2018-08-04 14:06:00+00:00,0.0,0.0,1,-0.9651082158088684,0.0
2018-08-05 00:00:00+00:00,0.06124736842105263,0.5011314834878069,19,-0.08125792904511879,0.5386394097488235
2018-08-06 00:00:00+00:00,0.004860000000000006,0.4686633660804761,35,-0.16591001834188188,0.6920245057639195
2018-08-06 18:56:00+00:00,0.0516,0.0,1,-0.14575082063674927,0.0
2018-08-06 18:58:00+00:00,0.5719,0.0,1,0.42144617438316345,0.0
2018-08-07 00:00:00+00:00,0.140375,0.3923596355932363,36,-0.12265403320391972,0.6221415264290472
2018-08-07 13:35:00+00:00,0.5267,0.0,1,0.020686274394392967,0.0
2018-08-07 18:50:00+00:00,0.5423,0.0,1,-0.6999924778938293,0.0
2018-08-07 18:51:00+00:00,0.0,0.0,1,-0.5216132402420044,0.0
2018-08-07 18:59:00+00:00,0.34915,0.49377266530256614,2,0.15907315630465746,0.1939887346099041
2018-08-08 00:00:00+00:00,-0.09318205128205129,0.4908596867107614,39,-0.2208144131761331,0.6543273772603784
2018-08-08 18:55:00+00:00,0.5106,0.0,1,0.3406997621059418,0.0
2018-08-08 18:59:00+00:00,0.7269,0.0,1,-0.004155203700065613,0.0
2018-08-08 19:06:00+00:00,-0.5994,0.0,1,-0.001923970878124237,0.0
2018-08-09 00:00:00+00:00,0.16952592592592594,0.44203480596736916,27,-0.34109192520931914,0.6213463649386686
2018-08-09 11:02:00+00:00,0.4215,0.0,1,-0.008408457040786743,0.0
2018-08-09 19:03:00+00:00,0.7346,0.0,1,0.28758499026298523,0.0
2018-08-09 19:04:00+00:00,0.8591,0.0,1,0.17036324739456177,0.0
2018-08-09 19:05:00+00:00,-0.6705,0.0,1,-0.7911763787269592,0.0
2018-08-09 19:18:00+00:00,0.872,0.0,1,0.05555594712495804,0.0
2018-08-10 00:00:00+00:00,-0.11764516129032257,0.34626454129630396,31,-0.39687025216558286,0.4644218252249899
2018-08-10 18:29:00+00:00,-0.1027,0.0,1,0.0029221251606941223,0.0
2018-08-11 00:00:00+00:00,0.0,0.0,2,0.039416149258613586,0.6293010225105568
2018-08-12 00:00:00+00:00,-0.2138578947368421,0.34023634484116655,19,-0.33041294036727203,0.3801312228642459
2018-08-13 00:00:00+00:00,-0.2197470588235294,0.4073963621587437,34,-0.4220732519512667,0.5528121124083035
2018-08-13 18:45:00+00:00,-0.5719,0.0,1,0.09938500821590424,0.0
2018-08-14 00:00:00+00:00,-0.09236451612903225,0.5682513731019557,31,-0.02192036302820329,0.6167673254910521
2018-08-14 11:06:00+00:00,0.9231,0.0,1,0.049618687480688095,0.0
2018-08-14 11:53:00+00:00,-0.6874,0.0,1,-0.9163327217102051,0.0
2018-08-14 19:08:00+00:00,0.4172,0.0,1,0.00038682296872138977,0.0
2018-08-14 19:10:00+00:00,0.4019,0.0,1,0.5154426693916321,0.0
2018-08-14 19:18:00+00:00,-0.4791,0.0,1,-0.15736748278141022,0.0
2018-08-14 19:22:00+00:00,0.7184,0.0,1,0.8028241991996765,0.0
2018-08-15 00:00:00+00:00,-0.10395416666666667,0.4394042233202034,48,-0.2799491169474398,0.6243696211914979
2018-08-15 11:34:00+00:00,-0.1531,0.0,1,0.06470061093568802,0.0
2018-08-15 18:41:00+00:00,-0.3089,0.0,1,-0.012233667075634003,0.0
2018-08-15 19:01:00+00:00,0.1531,0.0,1,0.24024131894111633,0.0
2018-08-15 20:16:00+00:00,0.4019,0.0,1,0.011612672358751297,0.0
2018-08-16 00:00:00+00:00,0.04816,0.5170377026204516,30,0.0016882330179214477,0.5984166308220742
2018-08-16 11:15:00+00:00,0.6249,0.0,1,0.8097474575042725,0.0
2018-08-16 19:15:00+00:00,0.0094,0.0,1,-0.8394858837127686,0.0
2018-08-16 19:16:00+00:00,-0.7269,0.0,1,-0.7578521370887756,0.0
2018-08-17 00:00:00+00:00,-0.06321052631578948,0.5789622487162669,19,-0.40516617698104757,0.5617997447953837
2018-08-17 18:31:00+00:00,-0.101,0.0,1,-0.029691319912672043,0.0
2018-08-18 00:00:00+00:00,-0.19938,0.2756667739966394,15,-0.28076997498671213,0.5169486104607215
2018-08-19 00:00:00+00:00,0.7184,0.0,1,-0.5479485392570496,0.0
2018-08-20 00:00:00+00:00,-0.16695744680851066,0.46949673923240537,47,-0.17123371081307848,0.6574400317983932
2018-08-20 18:47:00+00:00,0.6697,0.0,1,-0.8669354319572449,0.0
2018-08-20 19:05:00+00:00,0.7942,0.0,1,0.07141789048910141,0.0
2018-08-20 19:06:00+00:00,0.3818,0.0,1,0.07295235246419907,0.0
2018-08-21 00:00:00+00:00,-0.004933333333333337,0.44990850445501956,15,-0.17461393574873607,0.7229052487925379
2018-08-21 19:03:00+00:00,-0.8519,0.0,1,-0.15872463583946228,0.0
2018-08-22 00:00:00+00:00,0.13443333333333335,0.4473514339047844,33,-0.16383772851391273,0.5873420151709657
2018-08-22 08:30:00+00:00,-0.6652,0.0,1,-0.9499149322509766,0.0
2018-08-22 09:31:00+00:00,-0.6369,0.0,1,-0.7573682069778442,0.0
2018-08-22 11:09:00+00:00,-0.5267,0.0,1,0.15759174525737762,0.0
2018-08-22 11:10:00+00:00,0.63695,0.33241089783579597,2,0.09953850694000721,0.0886529429290918
2018-08-22 19:15:00+00:00,-0.2263,0.0,1,-0.3262879550457001,0.0
2018-08-22 19:25:00+00:00,-0.7003,0.0,1,-0.02666584774851799,0.0
2018-08-23 00:00:00+00:00,-0.12741081081081082,0.5011544820510737,37,-0.3489010899856284,0.5923299148059024
2018-08-23 09:10:00+00:00,-0.5106,0.0,1,-0.01281912624835968,0.0
2018-08-23 18:40:00+00:00,-0.5267,0.0,1,-0.7199448347091675,0.0
2018-08-23 19:00:00+00:00,-0.3612,0.0,1,-0.7748798727989197,0.0
2018-08-24 00:00:00+00:00,-0.17831612903225807,0.4613610278995357,31,-0.30818871661059316,0.5913276184681686
2018-08-24 16:39:00+00:00,-0.4939,0.0,1,-0.6501025557518005,0.0
2018-08-24 19:37:00+00:00,0.2263,0.0,1,-0.051828525960445404,0.0
2018-08-25 00:00:00+00:00,-0.9545,0.0,1,-0.8765297532081604,0.0
2018-08-26 00:00:00+00:00,-0.23625000000000002,0.47055738580255363,16,-0.1875645441468805,0.5214490458995665
2018-08-27 00:00:00+00:00,-0.11082499999999998,0.5136427650542668,28,-0.2940576089146946,0.594946920360798
2018-08-28 00:00:00+00:00,0.04816,0.5296493013972438,35,-0.2797352297497647,0.56174791709315
2018-08-28 15:25:00+00:00,0.0,0.0,1,-0.8375329375267029,0.0
2018-08-29 00:00:00+00:00,-0.020636666666666657,0.47306742355597164,30,-0.0022882708658774694,0.6809752286733123
2018-08-30 00:00:00+00:00,-0.12778333333333333,0.5764189712373274,30,-0.24319327051440875,0.6342425695985062
2018-08-31 00:00:00+00:00,0.03766111111111111,0.44555024554093475,36,-0.22616164282792145,0.6029930539325299
2018-09-01 00:00:00+00:00,-0.0016263157894736862,0.3694149711850787,19,-0.1729403557746034,0.5155377545231218
2018-09-02 00:00:00+00:00,-0.2536285714285714,0.45063768045694874,7,-0.34107122250965666,0.8357311347329494
2018-09-03 00:00:00+00:00,-0.09575,0.4938178919751517,24,-0.35059518514511484,0.4844370221311701
2018-09-04 00:00:00+00:00,-0.09605999999999999,0.4272401061854251,25,-0.13021571934223175,0.6595252061032925
2018-09-04 19:05:00+00:00,0.6597,0.0,1,0.052406102418899536,0.0
2018-09-04 19:06:00+00:00,0.5574,0.0,1,-0.8310814499855042,0.0
2018-09-05 00:00:00+00:00,-0.15346071428571428,0.4449474423216425,56,-0.21082767704501748,0.5787400686527246
2018-09-05 18:57:00+00:00,0.0,0.0,1,0.021007243543863297,0.0
2018-09-05 19:03:00+00:00,-0.2263,0.0,1,0.12550708651542664,0.0
2018-09-06 00:00:00+00:00,-0.033833333333333326,0.4008067252949564,33,-0.24366292312289728,0.5395181767309766
2018-09-06 19:01:00+00:00,0.07994999999999997,0.8351638192594313,2,-0.014652907848358154,0.13135085358173168
2018-09-06 19:02:00+00:00,0.5096,0.0,1,0.030192874372005463,0.0
2018-09-07 00:00:00+00:00,-0.01649142857142857,0.5272706054721408,35,-0.0752608098089695,0.6847164084075213
2018-09-07 19:06:00+00:00,0.8098000000000001,0.011030865786510143,2,-0.02065788209438324,0.16377430823732905
2018-09-09 00:00:00+00:00,-0.022571428571428572,0.4629471258963181,28,-0.26567170423056397,0.4399963453586117
2018-09-10 00:00:00+00:00,-0.107475,0.4189383695724229,28,-0.25374656237129656,0.6782021058177324
2018-09-10 10:44:00+00:00,-0.4767,0.0,1,-0.7866973876953125,0.0
2018-09-11 00:00:00+00:00,-0.051559375000000005,0.40772765804527,32,0.08835085481405258,0.5566974077456895
2018-09-11 19:05:00+00:00,-0.7184,0.0,1,-0.8484851121902466,0.0
2018-09-12 00:00:00+00:00,-0.00718205128205128,0.4083728107552002,39,-0.20159315274885067,0.624349178052554
2018-09-12 19:01:00+00:00,-0.4767,0.0,1,0.050621289759874344,0.0
2018-09-12 19:02:00+00:00,0.5719,0.0,1,0.011489089578390121,0.0
2018-09-12 19:04:00+00:00,0.8555,0.0,1,0.16770905256271362,0.0
2018-09-13 00:00:00+00:00,-0.06753548387096775,0.4252309282340728,62,-0.3589579241891061,0.5628466767972201
2018-09-14 00:00:00+00:00,0.0822,0.4926753218167851,34,-0.11804436234866872,0.557300890454394
2018-09-14 14:46:00+00:00,0.0,0.0,1,-0.02936805970966816,0.0
2018-09-14 18:54:00+00:00,-0.25,0.0,1,0.0033400990068912506,0.0
2018-09-14 19:05:00+00:00,0.65065,0.22167797590198268,2,-0.006464095786213875,0.07107722241129112
2018-09-15 00:00:00+00:00,-0.050562499999999996,0.3309116314566977,16,-0.35143146896734834,0.4134234534298309
2018-09-16 00:00:00+00:00,-0.11228695652173915,0.4334891361796403,23,-0.21326747301803983,0.4853101112136833
2018-09-17 00:00:00+00:00,0.0029324324324324262,0.4863373709302662,37,-0.36821813820987137,0.4612200758745302
2018-09-17 19:13:00+00:00,0.8885,0.0,1,-0.6828255653381348,0.0
2018-09-18 00:00:00+00:00,-0.15208823529411766,0.41338563972412584,34,-0.33293174705742035,0.6216931224300515
2018-09-18 18:53:00+00:00,-0.926,0.0,1,-0.945471465587616,0.0
2018-09-18 19:00:00+00:00,0.0,0.0,1,0.3259431719779968,0.0
2018-09-18 19:03:00+00:00,0.4749,0.0,1,0.11843410134315491,0.0
2018-09-19 00:00:00+00:00,-0.12115,0.5059523623454711,28,-0.27697217564231585,0.5443160220172258
2018-09-19 14:43:00+00:00,0.6597,0.0,1,-0.27647489309310913,0.0
2018-09-20 00:00:00+00:00,-0.1768142857142857,0.3933313488650505,49,-0.2820260678322948,0.5648045487598643
2018-09-20 11:12:00+00:00,0.4404,0.0,1,-0.17565804719924927,0.0
2018-09-20 18:50:00+00:00,-0.5859,0.0,1,-0.8495005965232849,0.0
2018-09-20 19:03:00+00:00,0.6124,0.0,1,0.07011072337627411,0.0
2018-09-21 00:00:00+00:00,-0.10517307692307691,0.41859277352356894,26,-0.2016076218480101,0.5604408747117378
2018-09-21 18:55:00+00:00,0.6249,0.0,1,0.08150309324264526,0.0
2018-09-21 19:05:00+00:00,-0.2743,0.6107366617454695,3,-0.5182413955529531,0.5149883379651149
2018-09-22 00:00:00+00:00,0.08576666666666666,0.7879259186835609,3,-0.08395234122872353,0.24596760761989658
2018-09-23 00:00:00+00:00,-0.18525,0.40376796955094657,18,-0.173392773916324,0.49985846928663974
2018-09-24 00:00:00+00:00,-0.04525185185185185,0.4277520843543789,27,-0.043249993274609246,0.6331869798052294
2018-09-24 18:47:00+00:00,0.5994,0.0,1,-0.3771302103996277,0.0
2018-09-25 00:00:00+00:00,0.06143793103448276,0.4241642854011311,29,-0.3331398890064708,0.5255392982508511
2018-09-25 19:06:00+00:00,0.48845000000000005,0.20994000333428597,2,0.03422997333109379,0.07237114119728769
2018-09-25 19:07:00+00:00,0.4019,0.0,1,0.03711848706007004,0.0
2018-09-26 00:00:00+00:00,-0.028524324324324328,0.5073598944018411,37,-0.14841267980031064,0.6920986221803869
2018-09-26 08:35:00+00:00,0.0,0.0,1,-0.6174116134643555,0.0
2018-09-27 00:00:00+00:00,0.14855172413793102,0.48217493463079025,29,0.09291444230696251,0.6295049257586797
2018-09-27 19:04:00+00:00,0.8074,0.0,1,0.0002115592360496521,0.0
2018-09-27 19:28:00+00:00,-0.4215,0.0,1,-0.9441627264022827,0.0
2018-09-28 00:00:00+00:00,-0.0525975,0.3805072939679613,40,-0.23681143075227737,0.5930920551920542
2018-09-28 19:02:00+00:00,0.2732,0.0,1,-0.13248121738433838,0.0
2018-09-28 19:12:00+00:00,0.6798500000000001,0.262973011923277,2,0.42393774539232254,0.6071523162457634
2018-09-29 00:00:00+00:00,-0.14029473684210525,0.38823477787099137,19,-0.4095215139616477,0.5056216755250295
2018-09-30 00:00:00+00:00,0.3545,0.3971187731649059,5,0.3413061939179897,0.33682518539679085
2018-10-01 00:00:00+00:00,0.015176363636363634,0.4047435191362899,55,-0.08677916780791499,0.6060131257616254
2018-10-01 19:04:00+00:00,0.6486,0.0,1,-0.929697573184967,0.0
2018-10-01 19:38:00+00:00,-0.0772,0.0,1,-0.023781195282936096,0.0
2018-10-02 00:00:00+00:00,0.1534904761904762,0.5496574113980106,21,0.006970964194763275,0.7620121462605483
2018-10-02 18:58:00+00:00,-0.25,0.0,1,0.11930149793624878,0.0
2018-10-02 19:04:00+00:00,-0.010250000000000037,0.947452376111855,2,-0.04750119335949421,0.10346888780639915
2018-10-03 00:00:00+00:00,-0.11026399999999999,0.5410364258223901,25,-0.1083762426674366,0.7033220629817919
2018-10-03 19:04:00+00:00,-0.13279999999999997,0.9613823797012301,2,0.04685318470001221,0.84231572567083
2018-10-04 00:00:00+00:00,0.0316,0.5039210092420792,46,-0.3044841069647152,0.5952229760516162
2018-10-04 12:39:00+00:00,-0.9398,0.0,1,-0.9359970688819885,0.0
2018-10-04 19:05:00+00:00,-0.125,0.1767766952966369,2,0.014015503227710724,0.05086363864649288
2018-10-05 00:00:00+00:00,-0.08170909090909091,0.4315434692499387,33,-0.40091393284048094,0.6024303181421734
2018-10-05 11:11:00+00:00,-0.5574,0.0,1,-0.01463327370584011,0.0
2018-10-05 18:45:00+00:00,0.296,0.0,1,0.4168635606765747,0.0
2018-10-05 18:49:00+00:00,0.2732,0.0,1,0.14136111736297607,0.0
2018-10-05 19:04:00+00:00,0.7845,0.0,1,-0.09056827425956726,0.0
2018-10-06 00:00:00+00:00,0.38585,0.5456743030416588,2,0.8419614136219025,0.01953864676692281
2018-10-07 00:00:00+00:00,-0.09455238095238096,0.4799683371005296,21,-0.22032815404236317,0.5572978758569139
2018-10-08 00:00:00+00:00,-0.012529629629629628,0.46214465751854633,27,-0.1962571959528658,0.5672598362142891
2018-10-08 19:04:00+00:00,-0.2023,0.0,1,-0.3602505624294281,0.0
2018-10-09 00:00:00+00:00,0.0785029411764706,0.4138181451601834,34,-0.20749737853732178,0.6017916409238473
2018-10-09 19:04:00+00:00,0.2433,0.0,1,-0.07540811598300934,0.0
2018-10-09 19:05:00+00:00,0.6597,0.0,1,0.0015344992280006409,0.0
2018-10-10 00:00:00+00:00,0.0688258064516129,0.40810127580274475,31,-0.09096159954224864,0.6959004859118884
2018-10-10 17:28:00+00:00,-0.7351,0.0,1,-0.9597977995872498,0.0
2018-10-10 19:24:00+00:00,0.4019,0.0,1,0.10753802955150604,0.0
2018-10-11 00:00:00+00:00,0.06343488372093023,0.5035733383405898,43,-0.2967883384418349,0.608826223085455
2018-10-11 09:45:00+00:00,0.8176,0.0,1,-0.9575974941253662,0.0
2018-10-11 10:58:00+00:00,0.8296,0.0,1,0.0011287033557891846,0.0
2018-10-12 00:00:00+00:00,-0.05280638297872341,0.4466744794708399,47,-0.2299192265627232,0.6133991815541211
2018-10-12 07:12:00+00:00,0.6249,0.0,1,0.035800304263830185,0.0
2018-10-12 12:00:00+00:00,-0.2134,0.0,1,-0.0794735923409462,0.0
2018-10-12 19:05:00+00:00,0.18753333333333333,0.5555684056291658,3,-0.1560081740220388,0.7264005665845661
2018-10-13 00:00:00+00:00,-0.2427,0.4968798345676749,3,-0.11103009184201558,0.12858011074450085
2018-10-14 00:00:00+00:00,-0.057477272727272724,0.4764893342451126,22,-0.2127298450266773,0.5518407548273391
2018-10-15 00:00:00+00:00,-0.014847058823529402,0.4408012932633053,34,-0.29668038250768886,0.6501239468774491
2018-10-15 19:02:00+00:00,0.0258,0.0,1,0.11307412385940552,0.0
2018-10-16 00:00:00+00:00,0.125171875,0.5466681946024657,32,-0.08165798929985613,0.7633491441292407
2018-10-16 19:16:00+00:00,0.1593,0.0,1,-0.006532732397317886,0.0
2018-10-16 19:18:00+00:00,0.4939,0.0,1,0.6316787600517273,0.0
2018-10-17 00:00:00+00:00,-0.061220588235294124,0.48420911133793604,34,-0.16003186715876355,0.6625384626983292
2018-10-17 19:07:00+00:00,-0.6597,0.0,1,-0.6570144891738892,0.0
2018-10-18 00:00:00+00:00,0.015497297297297303,0.501263741560871,37,0.002112456672900432,0.7249763438913435
2018-10-18 12:30:00+00:00,0.6249,0.0,1,0.2261812686920166,0.0
2018-10-18 19:08:00+00:00,0.6486,0.0,1,0.023080330342054367,0.0
2018-10-19 00:00:00+00:00,-0.12884473684210526,0.46409614957746803,38,-0.2226560028073819,0.5506881827132821
2018-10-19 18:45:00+00:00,-0.4767,0.0,1,-0.7360596656799316,0.0
2018-10-19 18:47:00+00:00,0.5106,0.0,1,-0.6735326647758484,0.0
2018-10-20 00:00:00+00:00,0.3243,0.4586294582775947,2,-0.011651050299406052,0.19190767206149498
2018-10-21 00:00:00+00:00,-0.10798235294117647,0.46561897947153924,17,-0.4264005569412428,0.571112742774138
2018-10-22 00:00:00+00:00,-0.08482941176470588,0.41240992076464167,34,-0.10775410186718493,0.6554474144713635
2018-10-22 19:17:00+00:00,0.4037,0.5709180151300185,2,0.6709767580032349,0.31756571393636773
2018-10-22 22:19:00+00:00,0.2263,0.0,1,-0.7878307104110718,0.0
2018-10-23 00:00:00+00:00,0.010883783783783789,0.5246727607193278,37,-0.26259929253845604,0.6216062867457204
2018-10-23 18:58:00+00:00,-0.3034,0.0,1,-0.8213595747947693,0.0
2018-10-23 19:03:00+00:00,0.3818,0.0,1,0.03145669028162956,0.0
2018-10-24 00:00:00+00:00,-0.026595744680851064,0.4862738001138358,47,-0.3445040765911975,0.6341301407834501
2018-10-24 19:08:00+00:00,0.1893,0.961026263949118,3,-0.2449127733707428,0.5217200440974997
2018-10-24 19:10:00+00:00,-0.5267,0.0,1,-0.9410666227340698,0.0
2018-10-25 00:00:00+00:00,0.08397692307692307,0.44523120951690326,65,-0.2849814030986566,0.6963398736148461
2018-10-25 11:10:00+00:00,-0.2124,0.0,1,-0.7126750349998474,0.0
2018-10-25 18:58:00+00:00,0.11156666666666666,0.32060593153173783,3,-0.33762015774846077,0.516520448799784
2018-10-25 19:06:00+00:00,0.5500499999999999,0.1550685171142098,2,-0.08443498983979225,0.15030090380413166
2018-10-26 00:00:00+00:00,0.1454028571428571,0.45435612068438264,35,-0.2521600317742143,0.600996968339604
2018-10-26 18:26:00+00:00,0.4023,0.0,1,-0.06825296580791473,0.0
2018-10-28 00:00:00+00:00,-0.100325,0.40726109415925005,20,-0.06211929861456156,0.5771523737695362
2018-10-29 00:00:00+00:00,0.005619565217391305,0.37290063473594864,46,-0.10834599917997485,0.5296726583889003
2018-10-29 19:04:00+00:00,-0.9231,0.0,1,-0.8896104097366333,0.0
2018-10-29 19:05:00+00:00,0.2023,0.0,1,-0.6885466575622559,0.0
2018-10-29 19:06:00+00:00,0.4588,0.0,1,0.007808629423379898,0.0
2018-10-30 00:00:00+00:00,0.07020000000000001,0.5648732210703149,35,-0.055609626642295296,0.7212570716151571
2018-10-30 19:16:00+00:00,0.4019,0.0,1,0.036590348929166794,0.0
2018-10-30 19:21:00+00:00,-0.12760000000000002,0.3282389678267954,2,-0.5438782125711441,0.5272403636458498
2018-10-30 21:46:00+00:00,-0.6908,0.0,1,-0.6551021337509155,0.0
2018-10-31 00:00:00+00:00,0.020531249999999997,0.4510487080753603,32,-0.2636236032121815,0.6657212731620593
2018-10-31 19:10:00+00:00,-0.7269,0.0,1,-0.8641262650489807,0.0
2018-11-01 00:00:00+00:00,0.08141470588235294,0.4499433379359463,34,-0.01256383752779049,0.624626882856462
2018-11-02 00:00:00+00:00,-0.11134411764705883,0.46554529069857653,34,-0.21039133047794595,0.6926698197843151
2018-11-02 07:12:00+00:00,-0.7065,0.0,1,-0.7057763338088989,0.0
2018-11-02 20:11:00+00:00,0.09931999999999999,0.46077492010742077,5,-0.1051269605755806,0.20394984202879649
2018-11-03 00:00:00+00:00,-0.1406421052631579,0.24580348138703875,19,-0.26767831080053983,0.5798550499627259
2018-11-04 00:00:00+00:00,0.39831666666666665,0.26172047238736723,6,-0.09094050712883472,0.7173438650194993
2018-11-05 00:00:00+00:00,0.03899636363636363,0.5009885549678298,55,-0.14118276279081,0.6158484978205756
2018-11-05 09:19:00+00:00,-0.4939,0.0,1,-0.9420672655105591,0.0
2018-11-06 00:00:00+00:00,0.08702352941176471,0.45048128610027705,34,0.0274138641269768,0.7246503070730717
2018-11-06 10:09:00+00:00,0.7269,0.0,1,0.05156649276614189,0.0
2018-11-06 10:22:00+00:00,0.6486,0.0,1,0.19985735416412354,0.0
2018-11-06 10:24:00+00:00,0.6774,0.0,1,-0.29786092042922974,0.0
2018-11-06 10:25:00+00:00,-0.1027,0.0,1,0.048398084938526154,0.0
2018-11-06 18:53:00+00:00,0.0,0.0,1,-0.24861140549182892,0.0
2018-11-06 19:02:00+00:00,0.29295,0.4142938630971982,2,0.039431869983673096,1.1976829480366187
2018-11-07 00:00:00+00:00,0.252645,0.527997038942056,20,-0.0833040278404951,0.8189381432379246
2018-11-07 11:27:00+00:00,-0.128,0.0,1,0.7484135627746582,0.0
2018-11-07 19:08:00+00:00,0.6249,0.0,1,0.08955378830432892,0.0
2018-11-08 00:00:00+00:00,0.06983584905660377,0.46845983207427055,53,-0.18987771246652557,0.6126675983051971
2018-11-08 09:55:00+00:00,0.7783,0.0,1,0.21705679595470428,0.0
2018-11-09 00:00:00+00:00,-0.03185000000000001,0.4457899418136554,28,-0.3380738134895052,0.5537350832928404
2018-11-09 16:59:00+00:00,0.7964,0.0,1,-0.006884541362524033,0.0
2018-11-09 19:00:00+00:00,0.7348,0.0,1,0.1999601423740387,0.0
2018-11-09 19:04:00+00:00,0.044966666666666634,0.5935289069062545,3,-0.3410741835832596,0.44983830202542985
2018-11-10 00:00:00+00:00,-0.19586666666666666,0.5760071382659536,3,-0.36304181814193726,0.9463108082754448
2018-11-11 00:00:00+00:00,-0.10001052631578947,0.2974611774757559,19,-0.3601454457170085,0.4519245948050633
2018-11-12 00:00:00+00:00,0.04773846153846154,0.4550322591438309,26,-0.27527730646901405,0.636773341429108
2018-11-12 19:03:00+00:00,-0.0242,0.21524330419318508,2,0.3241744115948677,0.2783634023131267
2018-11-12 19:04:00+00:00,0.4019,0.0,1,0.021068021655082703,0.0
2018-11-13 00:00:00+00:00,-0.06711428571428571,0.4534796909278669,35,-0.18667141337479864,0.621725041327989
2018-11-13 19:21:00+00:00,0.8402,0.0,1,0.8173074126243591,0.0
2018-11-14 00:00:00+00:00,0.048225,0.48067908030279494,28,-0.29708352578537806,0.5588732651421952
2018-11-14 17:20:00+00:00,0.4019,0.0,1,0.102626733481884,0.0
2018-11-14 19:25:00+00:00,0.32985,0.4664783435487654,2,0.013899422250688076,0.010559746697523728
2018-11-14 20:01:00+00:00,0.4404,0.0,1,0.10960007458925247,0.0
2018-11-15 00:00:00+00:00,-0.12064821428571428,0.4847619850798652,56,-0.2656406243996961,0.5940265176329018
2018-11-15 14:17:00+00:00,0.4767,0.0,1,0.1747608482837677,0.0
2018-11-15 19:11:00+00:00,0.2202,0.31140982643455556,2,-0.14336837455630302,0.3091348954362714
2018-11-16 00:00:00+00:00,-0.023175862068965523,0.3867423216110737,29,-0.26177794871659116,0.5703559373199504
2018-11-16 10:24:00+00:00,0.8519,0.0,1,0.07688816636800766,0.0
2018-11-16 18:59:00+00:00,0.0,0.0,1,-0.04433836787939072,0.0
2018-11-16 19:03:00+00:00,0.2057,0.0,1,-0.06820890307426453,0.0
2018-11-16 19:08:00+00:00,-0.4745,0.0,1,-0.8886277675628662,0.0
2018-11-17 00:00:00+00:00,0.46775,0.01265721138323922,2,0.00992274284362793,0.9571059550444339
2018-11-18 00:00:00+00:00,-0.06702777777777777,0.39751170283261966,18,-0.22090212835205925,0.4785932278994057
2018-11-19 00:00:00+00:00,-0.09530652173913044,0.40992050687483517,46,-0.33652125509536784,0.5957524983766589
2018-11-19 18:59:00+00:00,0.6124,0.0,1,0.6052002310752869,0.0
2018-11-20 00:00:00+00:00,-0.06582820512820514,0.44984157793179513,39,-0.30575450165913653,0.5901527412776923
2018-11-20 19:01:00+00:00,0.0,0.0,1,-0.195175439119339,0.0
2018-11-21 00:00:00+00:00,-0.1379848484848485,0.4577203916702396,33,-0.3615196171132001,0.65157928421451
2018-11-21 15:05:00+00:00,-0.6486,0.0,1,-0.321036159992218,0.0
2018-11-22 00:00:00+00:00,-0.13052340425531914,0.37497255795983486,47,-0.38724757227650347,0.5417132232233616
2018-11-23 00:00:00+00:00,0.0030931034482758572,0.5237724532732528,29,-0.3034013445521223,0.5948842369893371
2018-11-24 00:00:00+00:00,0.9027,0.0,1,-0.9479235410690308,0.0
2018-11-25 00:00:00+00:00,-0.081925,0.4329841852385219,16,-0.347063513007015,0.4182273748567156
2018-11-26 00:00:00+00:00,-0.09667692307692305,0.45704901645901597,26,-0.1524052078334185,0.6321073975607969
2018-11-26 19:18:00+00:00,0.3612,0.0,1,-0.815305769443512,0.0
2018-11-27 00:00:00+00:00,0.030592682926829273,0.4759459924141834,41,-0.1904195798333825,0.5926194834132957
2018-11-27 13:34:00+00:00,-0.8658,0.0,1,-0.016650717705488205,0.0
2018-11-27 19:28:00+00:00,-0.3363,0.12204663043279809,2,0.024208582937717438,0.3152702385157825
2018-11-28 00:00:00+00:00,0.0020893617021276564,0.48052736574745925,47,-0.28604568406305414,0.6758005096375415
2018-11-28 19:07:00+00:00,0.4404,0.0,1,-0.17208154499530792,0.0
2018-11-29 00:00:00+00:00,-0.0694734693877551,0.4507192607264481,49,-0.15113270396784861,0.6741381802189779
2018-11-29 19:28:00+00:00,-0.4019,0.0,1,-0.20843979716300964,0.0
2018-11-29 19:38:00+00:00,-0.1779,0.0,1,-0.6088742017745972,0.0
2018-11-30 00:00:00+00:00,0.03881428571428572,0.5197612929669413,49,-0.10816238417613264,0.6531906736777606
2018-11-30 19:03:00+00:00,-0.26855,0.038820162287141455,2,-0.3337228875607252,0.4762130292739186
2018-11-30 19:29:00+00:00,0.8402,0.0,1,0.002941880375146866,0.0
2018-12-01 00:00:00+00:00,0.01626428571428572,0.4190703566973377,28,-0.15676139507974898,0.5228774052451313
2018-12-02 00:00:00+00:00,-0.6885,0.01668772003600257,2,-0.30592208355665207,0.7735522256313513
2018-12-03 00:00:00+00:00,-0.04405675675675676,0.47560465990412937,37,-0.24547705819477905,0.59864593039179
2018-12-03 19:06:00+00:00,0.10705,0.4714280910170712,2,0.11016897857189178,0.0693565799550119
2018-12-04 00:00:00+00:00,-0.1005725,0.4624703483149085,40,-0.2506521645002067,0.6774049078899367
2018-12-04 19:00:00+00:00,-0.6808,0.0,1,-0.8870043754577637,0.0
2018-12-04 19:01:00+00:00,-0.4019,0.0,1,-0.942736029624939,0.0
2018-12-04 19:02:00+00:00,0.1531,0.0,1,-0.00838278979063034,0.0
2018-12-04 22:57:00+00:00,-0.1604,0.0,1,-0.21494922041893005,0.0
2018-12-05 00:00:00+00:00,0.05113142857142857,0.42556501042830147,35,-0.31332787802176815,0.604200365694239
2018-12-06 00:00:00+00:00,-0.22752692307692307,0.4126469065157445,52,-0.3191743063238951,0.5507740396839784
2018-12-06 19:59:00+00:00,0.6705,0.0,1,0.5689777731895447,0.0
2018-12-06 20:06:00+00:00,0.5739,0.0,1,-0.8943723440170288,0.0
2018-12-06 20:25:00+00:00,-0.4215,0.0,1,-0.9508187174797058,0.0
2018-12-07 00:00:00+00:00,-0.1998125,0.4110094522510932,40,-0.5012838621623814,0.46982375528816434
2018-12-07 12:36:00+00:00,0.7717,0.0,1,0.39697444438934326,0.0
2018-12-07 19:41:00+00:00,-0.8402,0.0,1,-0.04470207169651985,0.0
2018-12-07 19:42:00+00:00,0.5869,0.3191880010276075,2,0.0465718749910593,0.04831413099904236
2018-12-08 00:00:00+00:00,-0.1909,0.2699733690570238,2,-0.4622084517031908,0.7126275942388115
2018-12-09 00:00:00+00:00,-0.22326000000000001,0.39764465808717103,20,-0.4496240451931953,0.5210865078115605
2018-12-10 00:00:00+00:00,-0.13711481481481483,0.3787174740577666,27,-0.44581966998952405,0.49806057653773095
2018-12-10 19:05:00+00:00,0.2543666666666667,0.2212259553789594,3,0.09517449885606766,0.19085044841243626
2018-12-11 00:00:00+00:00,-0.222671875,0.5201038377926983,32,-0.40403238218277693,0.5910933152906046
2018-12-11 19:04:00+00:00,0.4953666666666667,0.603956830686874,3,0.00153350830078125,0.8571199132286673
2018-12-11 19:05:00+00:00,-0.0772,0.0,1,-0.07877616584300995,0.0
2018-12-12 00:00:00+00:00,0.08960588235294117,0.473777669978662,34,-0.27567891721778054,0.6194174895009629
2018-12-12 19:15:00+00:00,0.5568000000000001,0.3134516868673704,3,-0.2980816562970479,1.05428159583751
2018-12-13 00:00:00+00:00,-0.11388499999999999,0.4730680151402311,40,-0.3007984846364707,0.6826550259527072
2018-12-13 19:07:00+00:00,0.25,0.0,1,0.11510594934225082,0.0
2018-12-14 00:00:00+00:00,-0.060411904761904764,0.45842542027289557,42,-0.31626056001654695,0.6426517219438834
2018-12-14 07:59:00+00:00,0.7579,0.0,1,0.3085368871688843,0.0
2018-12-14 12:56:00+00:00,-0.34,0.0,1,-0.926773190498352,0.0
2018-12-14 18:13:00+00:00,0.0,0.0,1,0.21638555824756622,0.0
2018-12-14 18:50:00+00:00,-0.4449,0.0,1,-0.09033713489770889,0.0
2018-12-14 18:58:00+00:00,0.3612,0.0,1,-0.018435146659612656,0.0
2018-12-14 19:04:00+00:00,0.0,0.0,1,0.020788609981536865,0.0
2018-12-15 00:00:00+00:00,-0.3818,0.0,1,-0.10464780032634735,0.0
2018-12-16 00:00:00+00:00,-0.093815,0.3717232109414632,20,-0.12735958807170392,0.5223352389531464
2018-12-17 00:00:00+00:00,-0.13696666666666665,0.48331952187955857,30,-0.5088812311490377,0.4623359792765502
2018-12-17 19:28:00+00:00,-0.04783333333333334,0.16000538532603625,3,-0.6080449124177297,0.44428090213470023
2018-12-18 00:00:00+00:00,-0.11910869565217391,0.40889628287002994,46,-0.40171843175978766,0.5985571566565305
2018-12-18 19:03:00+00:00,-0.8062,0.0,1,-0.5214563012123108,0.0
2018-12-18 19:27:00+00:00,0.6369,0.0,1,-0.019047580659389496,0.0
2018-12-19 00:00:00+00:00,-0.042956097560975605,0.4263608636171831,41,-0.2323474768185761,0.6013946852451865
2018-12-19 19:12:00+00:00,0.8484,0.08174154390516496,2,0.13268904015421867,0.025522724807128375
2018-12-20 00:00:00+00:00,-0.08003181818181818,0.4719700738309223,44,-0.3745165600187399,0.6175262315104354
2018-12-20 19:14:00+00:00,-0.35015,0.49518687886493923,2,-0.09160397946834564,0.12964096647435683
2018-12-21 00:00:00+00:00,-0.023739473684210526,0.45525798836185516,38,-0.31029931735247374,0.6054234579907963
2018-12-21 17:53:00+00:00,0.296,0.0,1,0.07937830686569214,0.0
2018-12-22 00:00:00+00:00,0.35168333333333335,0.5349343190211923,6,-0.5168373261888822,0.4418084199272242
2018-12-23 00:00:00+00:00,-0.12329473684210526,0.3848444136901795,19,-0.31035640345592247,0.5761473894980245
2018-12-24 00:00:00+00:00,-0.10085555555555556,0.5988586939151654,9,-0.5624145476354493,0.46719430280874286
2018-12-25 00:00:00+00:00,-0.176955,0.4225732928953521,20,-0.18074094085022807,0.6311850024184446
2018-12-26 00:00:00+00:00,-0.001125000000000001,0.48513927823431724,8,-0.2576300650835037,0.7491776387828678
2018-12-26 03:17:00+00:00,-0.4215,0.0,1,-0.9409762620925903,0.0
2018-12-27 00:00:00+00:00,-0.042637037037037036,0.3522774454538618,27,-0.38840064627152904,0.6131934466911276
2018-12-28 00:00:00+00:00,-0.09127142857142857,0.43251593921144416,28,-0.3878165516736252,0.5565249600803426
2018-12-29 00:00:00+00:00,0.2023,0.0,1,0.8770049214363098,0.0
2018-12-30 00:00:00+00:00,-0.11221904761904763,0.47590426938518593,21,-0.05480685457587242,0.5454458418314113
2018-12-31 00:00:00+00:00,-0.15176250000000002,0.5376044720729704,8,-0.2753149978816509,0.7705778900687178
2019-01-01 00:00:00+00:00,-0.187425,0.3476308869370378,20,-0.5221200754866004,0.4559737066170539
2019-01-02 00:00:00+00:00,0.007249999999999994,0.5352829736240934,28,-0.2724672700278461,0.6056961832965616
2019-01-03 00:00:00+00:00,-0.279772,0.48602185352101196,25,-0.432833107560873,0.6552627296030168
2019-01-03 19:01:00+00:00,0.8481,0.0,1,-0.05082036554813385,0.0
2019-01-03 19:07:00+00:00,0.4215,0.0,1,0.03801741823554039,0.0
2019-01-04 00:00:00+00:00,-0.1656090909090909,0.4964826459477438,33,-0.3027145561169494,0.6236643783364064
2019-01-04 18:50:00+00:00,0.0,0.0,1,-0.5577009916305542,0.0
2019-01-04 19:02:00+00:00,0.148,0.20930360723121805,2,0.0029390649870038033,0.030775861907410648
2019-01-05 00:00:00+00:00,-0.2612666666666667,0.25550908659641314,3,-0.45403974254926044,0.5678049836661556
2019-01-06 00:00:00+00:00,-0.05898636363636364,0.4046658919292669,22,-0.2463153021579439,0.5505690813692403
2019-01-07 00:00:00+00:00,0.0775,0.4182592678858579,30,0.03545874419311682,0.7203363340628831
2019-01-07 19:02:00+00:00,0.2247,0.0,1,-0.02578926645219326,0.0
2019-01-07 19:03:00+00:00,0.542,0.0,1,0.18370462954044342,0.0
2019-01-08 00:00:00+00:00,0.08714999999999999,0.48914303044280333,14,-0.31471376067825724,0.665920527661653
2019-01-08 10:21:00+00:00,0.7003,0.0,1,0.38076603412628174,0.0
2019-01-08 19:03:00+00:00,0.34,0.0,1,0.04294537007808685,0.0
2019-01-08 19:07:00+00:00,0.8402,0.0,1,0.037237461656332016,0.0
2019-01-08 19:26:00+00:00,0.0,0.0,1,0.9311738014221191,0.0
2019-01-08 19:27:00+00:00,-0.7081,0.0,1,-0.9228986501693726,0.0
2019-01-08 23:11:00+00:00,-0.5709,0.0,1,-0.903013288974762,0.0
2019-01-09 00:00:00+00:00,0.08214,0.5313703154467052,30,-0.12666543908417224,0.6574594157376688
2019-01-09 07:16:00+00:00,0.7574,0.0,1,0.8779991269111633,0.0
2019-01-09 10:37:00+00:00,0.0,0.0,1,0.03512502461671829,0.0
2019-01-09 18:57:00+00:00,0.0772,0.0,1,-0.556716799736023,0.0
2019-01-09 19:02:00+00:00,0.8176,0.0,1,-0.5098229050636292,0.0
2019-01-10 00:00:00+00:00,-0.11786379310344827,0.4415118343760809,58,-0.4223818018518645,0.6646694324254757
2019-01-10 12:03:00+00:00,-0.4201,0.0,1,-0.9566316604614258,0.0
2019-01-10 18:50:00+00:00,0.0,0.0,1,-0.6813298463821411,0.0
2019-01-10 18:53:00+00:00,0.5574,0.0,1,0.0902608335018158,0.0
2019-01-10 19:04:00+00:00,-0.5224500000000001,0.3524927304214939,2,-0.1514598410576582,0.18150519501210063
2019-01-11 00:00:00+00:00,-0.11088,0.5256978766729626,40,-0.37577609373256565,0.6459517871330486
2019-01-11 14:25:00+00:00,0.0,0.0,1,0.8869193196296692,0.0
2019-01-11 19:04:00+00:00,0.1027,0.0,1,0.2455938160419464,0.0
2019-01-11 19:23:00+00:00,-0.9382,0.0,1,-0.7728732824325562,0.0
2019-01-12 00:00:00+00:00,0.18016666666666667,0.47453497587989585,3,-0.3319995601971944,1.0783094851953445
2019-01-13 00:00:00+00:00,-0.027947826086956524,0.35064655588519644,23,-0.2021350818483726,0.5812295592759097
2019-01-14 00:00:00+00:00,-0.1003483870967742,0.43454559551403255,31,-0.25768337284605347,0.6261887375109895
2019-01-14 19:07:00+00:00,0.5859,0.0,1,0.006446382030844688,0.0
2019-01-15 00:00:00+00:00,0.06453076923076924,0.5064281765223065,39,-0.20337628229306295,0.6911095038795771
2019-01-15 18:46:00+00:00,-0.296,0.0,1,-0.11379673331975937,0.0
2019-01-15 19:06:00+00:00,-0.296,0.0,1,0.05099013075232506,0.0
2019-01-16 00:00:00+00:00,-0.012772916666666663,0.4828437973663344,48,-0.20591062617798647,0.6097738921051468
2019-01-16 09:23:00+00:00,0.2023,0.0,1,-0.061150699853897095,0.0
2019-01-16 19:08:00+00:00,0.0,0.0,1,0.004483044147491455,0.0
2019-01-17 00:00:00+00:00,0.02949729729729729,0.46387424151049483,37,-0.35182924095440554,0.6387679866767363
2019-01-17 16:05:00+00:00,-0.1027,0.0,1,0.545855700969696,0.0
2019-01-17 18:51:00+00:00,-0.04915,0.25052793257439376,2,0.03595781326293945,0.03058693734187155
2019-01-17 19:03:00+00:00,0.25775,0.4010002556108911,2,0.38002946600317955,0.6090912978165752
2019-01-18 00:00:00+00:00,-0.008458536585365845,0.44880881006036955,41,-0.3858988245085972,0.6367713808918428
2019-01-18 18:43:00+00:00,-0.079,0.0,1,-0.19563814997673035,0.0
2019-01-19 00:00:00+00:00,-0.02874285714285714,0.3248770206884885,21,0.06775842429626555,0.4960592261691709
2019-01-20 00:00:00+00:00,0.023625,0.37020525600546794,28,-0.1394777675824506,0.6019339068894367
2019-01-21 00:00:00+00:00,-0.07327999999999998,0.46171756001994263,40,-0.24965888587757945,0.6343798872598926
2019-01-22 00:00:00+00:00,0.011597916666666666,0.49951889598129906,48,-0.1373803997412324,0.6074801829879978
2019-01-22 18:48:00+00:00,0.0516,0.0,1,-0.20710091292858124,0.0
2019-01-22 18:50:00+00:00,0.5106,0.0,1,0.6536234617233276,0.0
2019-01-22 18:53:00+00:00,0.3818,0.0,1,0.07668758183717728,0.0
2019-01-22 19:02:00+00:00,0.7269,0.0,1,0.019969042390584946,0.0
2019-01-23 00:00:00+00:00,-0.06792156862745098,0.4102840237268449,51,-0.11340274132203822,0.5414256510796908
2019-01-23 18:47:00+00:00,0.128,0.0,1,-0.7978097200393677,0.0
2019-01-23 18:59:00+00:00,0.0,0.0,1,-0.18612521886825562,0.0
2019-01-23 19:01:00+00:00,-0.6124,0.0,1,-0.3373328447341919,0.0
2019-01-24 00:00:00+00:00,-0.06026904761904762,0.433791759914596,42,-0.2042252974850791,0.6691801355989053
2019-01-24 12:04:00+00:00,-0.6059,0.0,1,-0.9524022340774536,0.0
2019-01-24 18:58:00+00:00,0.7845,0.0,1,0.12812519073486328,0.0
2019-01-24 19:14:00+00:00,0.1531,0.0,1,0.06631729006767273,0.0
2019-01-24 19:23:00+00:00,0.5733,0.0,1,0.054465342313051224,0.0
2019-01-24 19:26:00+00:00,0.3818,0.0,1,0.662397027015686,0.0
2019-01-25 00:00:00+00:00,-0.015281081081081078,0.47766328670462566,37,-0.24808779545128345,0.6566829484834745
2019-01-25 09:00:00+00:00,-0.379,0.0,1,-0.7693734169006348,0.0
2019-01-25 18:53:00+00:00,0.0,0.0,1,-0.13788078725337982,0.0
2019-01-25 19:04:00+00:00,0.5859,0.0,1,0.10343090444803238,0.0
2019-01-25 19:07:00+00:00,0.31845,0.45035630893771217,2,0.12294892594218254,0.11541067839888867
2019-01-26 00:00:00+00:00,0.03917058823529413,0.42086104411774955,17,-0.05974814120460959,0.5795696770668561
2019-01-27 00:00:00+00:00,-0.128925,0.44539405128610843,20,-0.28332426976412534,0.506085273675996
2019-01-28 00:00:00+00:00,-0.10385238095238096,0.4522195712305571,42,-0.3588468365016438,0.6099460958452215
2019-01-28 11:50:00+00:00,-0.7096,0.0,1,-0.7592606544494629,0.0
2019-01-28 19:06:00+00:00,0.8268,0.0,1,0.5769107341766357,0.0
2019-01-28 19:07:00+00:00,0.0772,0.0,1,0.029919836670160294,0.0
2019-01-29 00:00:00+00:00,0.0405,0.6114975807392863,33,-0.10250230274642959,0.695077064427913
2019-01-29 14:32:00+00:00,0.296,0.0,1,0.14013145864009857,0.0
2019-01-29 19:12:00+00:00,-0.06415000000000001,0.7605247333256164,4,-0.09350225608795881,0.6647892895254759
2019-01-30 00:00:00+00:00,-0.05369428571428571,0.4567073241873691,35,-0.18815123257892472,0.6140501253400524
2019-01-30 18:22:00+00:00,0.25,0.0,1,0.02323971688747406,0.0
2019-01-30 18:51:00+00:00,0.0,0.0,1,0.00283818319439888,0.0
2019-01-30 19:03:00+00:00,0.0,0.0,1,0.06055104359984398,0.0
2019-01-31 00:00:00+00:00,-0.04932222222222222,0.48037764527385435,63,-0.3069933134293745,0.6936702023856528
2019-01-31 19:08:00+00:00,-0.0772,0.0,1,-0.8105010986328125,0.0
2019-01-31 19:09:00+00:00,0.5106,0.0,1,-0.12537774443626404,0.0
2019-02-01 00:00:00+00:00,0.07418421052631578,0.46821511545287503,38,-0.06980111606811222,0.6279127348655865
2019-02-01 18:51:00+00:00,0.3612,0.0,1,0.12958663702011108,0.0
2019-02-01 19:07:00+00:00,0.0,0.0,1,-0.05126700550317764,0.0
2019-02-01 19:08:00+00:00,0.9231,0.0,1,0.6181490421295166,0.0
2019-02-03 00:00:00+00:00,-0.06663125,0.3366462648314994,16,-0.28266372776124626,0.6021126548321978
2019-02-04 00:00:00+00:00,0.031252380952380955,0.4663570542699698,42,-0.15143515307101466,0.6441637424513408
2019-02-04 18:58:00+00:00,0.8689,0.0,1,0.04179291054606438,0.0
2019-02-04 19:05:00+00:00,0.6124,0.0,1,0.4739573001861572,0.0
2019-02-05 00:00:00+00:00,-0.11013999999999999,0.44192248119394806,40,-0.29581104358658195,0.6418747000071322
2019-02-05 18:49:00+00:00,0.0,0.0,1,0.029436463490128517,0.0
2019-02-05 18:51:00+00:00,0.1031,0.0,1,-0.3118540942668915,0.0
2019-02-05 18:53:00+00:00,0.0258,0.0,1,0.32807204127311707,0.0
2019-02-05 19:04:00+00:00,-0.3182,0.0,1,0.0481133759021759,0.0
2019-02-05 19:05:00+00:00,-0.3182,0.0,1,0.03878144919872284,0.0
2019-02-05 19:06:00+00:00,-0.3182,0.0,1,-0.7248049378395081,0.0
2019-02-06 00:00:00+00:00,0.09430285714285715,0.5613931858414775,35,0.021653238471065248,0.7811148431117597
2019-02-06 19:04:00+00:00,0.6369,0.0,1,0.772142231464386,0.0
2019-02-06 19:17:00+00:00,0.41635,0.10797520548718582,2,0.14015965163707733,0.4222307740845326
2019-02-07 00:00:00+00:00,-0.029383050847457622,0.4318482716276323,59,-0.3226039014693539,0.579626685265361
2019-02-07 19:03:00+00:00,0.4996666666666667,0.4327254248750972,3,-0.04647130270799001,0.5933867935440167
2019-02-07 19:21:00+00:00,0.7845,0.0,1,0.04430043697357178,0.0
2019-02-08 00:00:00+00:00,0.05749285714285714,0.5643865689187015,14,-0.1804689376481942,0.6766269874460716
2019-02-08 11:34:00+00:00,0.3818,0.0,1,-0.11602524667978287,0.0
2019-02-08 18:43:00+00:00,0.0,0.0,1,0.038264039903879166,0.0
2019-02-08 19:02:00+00:00,0.4588,0.0,1,-0.2184991091489792,0.0
2019-02-08 19:03:00+00:00,0.28595,0.4043943681605865,2,0.022619593888521194,0.08448699827412721
2019-02-09 00:00:00+00:00,-0.13961666666666667,0.4786718859634067,18,-0.2512153995533784,0.45869764425171156
2019-02-10 00:00:00+00:00,-0.2899,0.15839191898578664,2,-0.7451390624046326,0.2325505471617702
2019-02-11 00:00:00+00:00,0.031418749999999995,0.40256062611936216,32,-0.2860971817863174,0.625394142119034
2019-02-11 10:55:00+00:00,0.1779,0.0,1,-0.2535836100578308,0.0
2019-02-11 19:17:00+00:00,-0.10928,0.6437560500686577,5,-0.40328610874712467,0.3814993237838237
2019-02-12 00:00:00+00:00,0.0587974358974359,0.4676270722247194,39,-0.131254513342029,0.6680030629081721
2019-02-12 18:53:00+00:00,0.4019,0.0,1,0.13062332570552826,0.0
2019-02-12 19:12:00+00:00,0.25,0.0,1,-0.07757395505905151,0.0
2019-02-13 00:00:00+00:00,0.09279583333333334,0.45522854440582255,48,-0.16837341516899565,0.6989784169467264
2019-02-13 18:55:00+00:00,-0.8271,0.0,1,-0.9515295624732971,0.0
2019-02-13 19:07:00+00:00,0.57545,0.11532911601152591,2,-0.4006751198321581,0.5856548183031338
2019-02-14 00:00:00+00:00,0.020505882352941172,0.42894078165255617,51,-0.36709280089274343,0.5808045167275757
2019-02-14 19:02:00+00:00,0.7678,0.0,1,-0.38421618938446045,0.0
2019-02-14 19:03:00+00:00,0.6369,0.0,1,0.2902330160140991,0.0
2019-02-14 19:06:00+00:00,-0.049350000000000005,0.9174710485895454,2,-0.30928689427673817,0.41841780928584676
2019-02-15 00:00:00+00:00,-0.10885151515151516,0.487007325484697,33,-0.14233054858491276,0.6706743751265078
2019-02-15 19:04:00+00:00,0.6573,0.0,1,0.8862448930740356,0.0
2019-02-15 19:28:00+00:00,0.3761666666666667,0.26085218675206334,3,-0.3015449059506257,0.25779651759230227
2019-02-15 19:36:00+00:00,0.0,0.0,1,0.1323389858007431,0.0
2019-02-16 00:00:00+00:00,0.05385000000000001,0.5855958133957813,4,-0.10752883553504944,0.6023437101221464
2019-02-17 00:00:00+00:00,-0.07529999999999999,0.4451684749744877,19,-0.21925100311636925,0.6001911747640218
2019-02-18 00:00:00+00:00,-0.06612962962962964,0.5054642244167654,27,-0.16894052225958417,0.6343481959844226
2019-02-19 00:00:00+00:00,-0.10772857142857144,0.42023965594890705,42,-0.3264322149168168,0.6389469663925121
2019-02-19 18:23:00+00:00,0.2023,0.0,1,0.050005435943603516,0.0
2019-02-19 18:24:00+00:00,-0.09345,0.3486743538030866,2,-0.0971707459539175,0.2084879129934267
2019-02-19 19:01:00+00:00,0.3252,0.0,1,-0.1145259290933609,0.0
2019-02-20 00:00:00+00:00,-0.09324186046511629,0.4696177859415535,43,-0.289814725171688,0.5747417222337085
2019-02-20 19:26:00+00:00,0.2277,0.0,1,0.23360374569892883,0.0
2019-02-21 00:00:00+00:00,-0.029787499999999998,0.39057895550563265,32,-0.30969935277244076,0.6323678932111393
2019-02-22 00:00:00+00:00,-0.08907894736842105,0.5101874672651082,19,-0.24297830540882914,0.7295108771243983
2019-02-23 00:00:00+00:00,-0.11212,0.4221562053129274,20,-0.24266767967492342,0.5678115908661207
2019-02-24 00:00:00+00:00,0.034175000000000004,0.38318637110419257,24,-0.23904106734941402,0.562487987787548
2019-02-25 00:00:00+00:00,-0.039578125,0.5153087722874228,32,-0.26004866079892963,0.579260314938997
2019-02-25 16:02:00+00:00,-0.5106,0.0,1,-0.7847661972045898,0.0
2019-02-26 00:00:00+00:00,-0.11558979591836735,0.514028693364525,49,-0.40721268693403323,0.5927009229179349
2019-02-26 14:39:00+00:00,0.6956,0.0,1,-0.02485615387558937,0.0
2019-02-26 15:12:00+00:00,0.2023,0.0,1,-0.8248938322067261,0.0
2019-02-26 19:49:00+00:00,-0.431,0.0,1,-0.2158852517604828,0.0
2019-02-26 19:52:00+00:00,-0.1999,0.0,1,-0.0324750691652298,0.0
2019-02-27 00:00:00+00:00,0.09620227272727272,0.5480074089164058,44,-0.04093306706371633,0.7142364543910387
2019-02-28 00:00:00+00:00,0.06301304347826087,0.5021198429807129,46,-0.3010022215464193,0.6531396960432682
2019-02-28 12:06:00+00:00,0.6249,0.0,1,0.387951523065567,0.0
2019-02-28 20:48:00+00:00,-0.4404,0.0,1,-0.005292575806379318,0.0
2019-02-28 21:05:00+00:00,0.7783,0.0,1,0.30497437715530396,0.0
2019-02-28 21:06:00+00:00,0.2023,0.0,1,-0.03171714395284653,0.0
2019-03-01 00:00:00+00:00,-0.041313157894736836,0.44706448181808367,38,-0.3187882743873878,0.5898949875070297
2019-03-01 20:51:00+00:00,0.2716,0.0,1,-0.18961434066295624,0.0
2019-03-01 20:52:00+00:00,0.25,0.0,1,0.7519388794898987,0.0
2019-03-02 00:00:00+00:00,-0.26637500000000003,0.40586859429294764,4,-0.6147092916071415,0.3750702610786014
2019-03-03 00:00:00+00:00,-0.051468,0.42785857838776586,25,-0.18351898238062858,0.5843339292438581
2019-03-04 00:00:00+00:00,-0.179592,0.4443716218061935,25,-0.34083424411714075,0.5282711821864665
2019-03-04 21:59:00+00:00,0.25,0.0,1,-0.2326781451702118,0.0
2019-03-04 22:58:00+00:00,0.5994,0.0,1,0.028137780725955963,0.0
2019-03-05 00:00:00+00:00,-0.17095238095238094,0.5845847023849371,42,-0.21409207817521833,0.6365625904111664
2019-03-06 00:00:00+00:00,-0.171205,0.4535618005561413,60,-0.2375835464335978,0.5913115122924565
2019-03-06 21:19:00+00:00,-0.743,0.0,1,-0.9501636028289795,0.0
2019-03-07 00:00:00+00:00,0.12322903225806452,0.4800942214423805,31,-0.15587504123968463,0.609428490604938
2019-03-07 21:13:00+00:00,-0.7579,0.0,1,0.020196394994854927,0.0
2019-03-07 22:31:00+00:00,0.6249,0.0,1,0.11193940043449402,0.0
2019-03-08 00:00:00+00:00,-0.00892173913043478,0.5432326882624405,23,-0.46084153174382186,0.6285084067404582
2019-03-08 12:18:00+00:00,0.6369,0.0,1,0.0345132052898407,0.0
2019-03-08 19:26:00+00:00,0.8176,0.0,1,0.8857117891311646,0.0
2019-03-08 19:38:00+00:00,0.5719,0.0,1,0.011423991993069649,0.0
2019-03-09 00:00:00+00:00,0.00561428571428572,0.36536280501128504,21,-0.2974797942276512,0.4706030459299654
2019-03-10 00:00:00+00:00,-0.22136,0.5938656523154038,5,0.07203993797302247,0.8096430203374559
2019-03-11 00:00:00+00:00,-0.026083333333333337,0.44807011424153564,42,-0.17133428072113366,0.5150649502227862
2019-03-11 12:35:00+00:00,0.2263,0.0,1,-0.8107775449752808,0.0
2019-03-11 20:48:00+00:00,0.7845,0.0,1,0.925366222858429,0.0
2019-03-12 00:00:00+00:00,-0.11698947368421055,0.48451045998218445,38,-0.33607443069156845,0.5299743470289527
2019-03-12 12:29:00+00:00,0.6808,0.0,1,0.41333332657814026,0.0
2019-03-12 19:09:00+00:00,0.128,0.0,1,0.015061130747199059,0.0
2019-03-12 20:59:00+00:00,-0.743,0.0,1,-0.9575512409210205,0.0
2019-03-13 00:00:00+00:00,-0.11840222222222223,0.39736141580137946,45,-0.32917269907063906,0.5512406232653403
2019-03-13 15:50:00+00:00,0.0,0.0,1,0.0444834902882576,0.0
2019-03-13 18:54:00+00:00,0.7964,0.0,1,-0.022968322038650513,0.0
2019-03-13 19:31:00+00:00,0.4588,0.0,1,-0.020914597436785698,0.0
2019-03-14 00:00:00+00:00,-0.12296296296296297,0.5227260826382213,54,-0.25432634198417264,0.6300974937618018
2019-03-15 00:00:00+00:00,-0.07919090909090909,0.5769986571818088,22,-0.29965640596029436,0.6394998069728263
2019-03-15 00:05:00+00:00,0.0,0.0,1,-0.20048290491104126,0.0
2019-03-15 08:07:00+00:00,0.6064,0.0,1,0.22166548669338226,0.0
2019-03-16 00:00:00+00:00,-0.12865263157894735,0.36646957637620714,19,-0.3035168604631173,0.539853365067987
2019-03-17 00:00:00+00:00,-0.015500000000000005,0.5577080598305891,7,-0.2233613889132227,0.6952417863583987
2019-03-18 00:00:00+00:00,-0.03832068965517242,0.48556638753059034,29,-0.06381923050202172,0.5279125063292854
2019-03-19 00:00:00+00:00,-0.20203103448275864,0.5409540514574018,29,-0.24765161893748003,0.7087633521140919
2019-03-19 20:00:00+00:00,-0.1603,0.0,1,0.2279566377401352,0.0
2019-03-20 00:00:00+00:00,-0.058983333333333325,0.5470999592657373,36,-0.2755466954161723,0.6000086687667354
2019-03-20 11:51:00+00:00,0.9528,0.0,1,0.6252626180648804,0.0
2019-03-20 16:05:00+00:00,0.5693,0.0,1,-0.04147815704345703,0.0
2019-03-20 20:23:00+00:00,-0.5423,0.0,1,-0.7442502975463867,0.0
2019-03-20 20:59:00+00:00,-0.0772,0.0,1,0.3375121057033539,0.0
2019-03-21 00:00:00+00:00,-0.05370588235294118,0.43447363552274304,34,-0.2649004219428581,0.5844482445364452
2019-03-21 12:32:00+00:00,0.5209,0.0,1,-0.15532076358795166,0.0
2019-03-21 19:20:00+00:00,0.0,0.0,1,0.004464380443096161,0.0
2019-03-22 00:00:00+00:00,0.004988235294117651,0.4465637215819878,34,-0.2784085555330795,0.6838952184097771
2019-03-22 19:20:00+00:00,-0.3612,0.0,1,0.187734454870224,0.0
2019-03-22 19:47:00+00:00,0.21,0.0,1,-0.07880863547325134,0.0
2019-03-22 20:15:00+00:00,-0.0191,0.0,1,-0.8487327694892883,0.0
2019-03-23 00:00:00+00:00,-0.39113333333333333,0.6636303890972243,3,0.009000187118848165,0.35489120329054563
2019-03-24 00:00:00+00:00,-0.06946666666666666,0.4665420679600829,18,-0.2965233733670579,0.603026819891078
2019-03-25 00:00:00+00:00,0.007479999999999998,0.38517660564793077,40,-0.23914110651239753,0.6040825064006113
2019-03-25 20:06:00+00:00,-0.34,0.0,1,0.0007100775837898254,0.0
2019-03-25 20:39:00+00:00,0.0,0.0,1,0.10149794071912766,0.0
2019-03-26 00:00:00+00:00,0.032777777777777774,0.49297386607701693,36,-0.009867549873888493,0.6196687283579241
2019-03-26 08:20:00+00:00,-0.631,0.0,1,-0.04511597007513046,0.0
2019-03-26 11:37:00+00:00,0.7364,0.0,1,0.16630862653255463,0.0
2019-03-26 19:50:00+00:00,0.4939,0.0,1,-0.9479987025260925,0.0
2019-03-26 19:51:00+00:00,-0.0511,0.0,1,-0.3892905116081238,0.0
2019-03-27 00:00:00+00:00,-0.08424146341463415,0.5470892564178215,41,-0.2979172961104934,0.6137962372108172
2019-03-27 08:37:00+00:00,0.765,0.0,1,0.9210073947906494,0.0
2019-03-27 10:26:00+00:00,0.3822,0.0,1,-0.3486071228981018,0.0
2019-03-27 20:20:00+00:00,0.5719,0.0,1,-0.008541138842701912,0.0
2019-03-27 20:34:00+00:00,0.3818,0.0,1,-0.7171361446380615,0.0
2019-03-28 00:00:00+00:00,-0.06026222222222222,0.5180087184633482,45,-0.42424840840200584,0.6117730445791403
2019-03-28 19:07:00+00:00,0.0,0.0,1,0.12834319472312927,0.0
2019-03-28 20:18:00+00:00,-0.2359,0.0,1,-0.07402455806732178,0.0
2019-03-29 00:00:00+00:00,0.09558484848484848,0.48534520454595775,33,-0.31486306920873397,0.6733545421831953
2019-03-29 18:43:00+00:00,0.6808,0.0,1,0.7362178564071655,0.0
2019-03-30 00:00:00+00:00,-0.6914,0.0,1,-0.9505453109741211,0.0
2019-03-31 00:00:00+00:00,-0.19455499999999998,0.42283846918925877,20,-0.4994447173550725,0.473346083059452
2019-04-01 00:00:00+00:00,-0.03495588235294117,0.4733123494225188,34,-0.25016409470973644,0.611810338027864
2019-04-01 20:00:00+00:00,0.4019,0.0,1,-0.06916055083274841,0.0
2019-04-01 20:17:00+00:00,-0.25,0.0,1,-0.9247184991836548,0.0
2019-04-02 00:00:00+00:00,0.04079756097560975,0.4754211235777208,41,-0.20414526179069425,0.7066909313153003
2019-04-03 00:00:00+00:00,0.08710277777777778,0.4785030195373371,36,-0.21440011956211594,0.6418135817760723
2019-04-03 01:07:00+00:00,0.37895,0.5359162294612844,2,0.4154323488473892,0.5374543152076768
2019-04-03 11:15:00+00:00,0.5106,0.0,1,-0.07169796526432037,0.0
2019-04-03 14:15:00+00:00,0.0,0.0,1,-0.028766730800271034,0.0
2019-04-03 19:54:00+00:00,0.0772,0.0,1,0.43165719509124756,0.0
2019-04-04 00:00:00+00:00,-0.14580277777777778,0.47040279608383717,36,-0.35168071691360736,0.6311278723531859
2019-04-04 02:51:00+00:00,0.9001,0.0,1,0.9128250479698181,0.0
2019-04-04 20:09:00+00:00,0.0,0.0,1,0.20966139435768127,0.0
2019-04-04 20:38:00+00:00,0.6486,0.0,1,-0.5184438228607178,0.0
2019-04-05 00:00:00+00:00,-0.13755517241379311,0.522344782540508,29,-0.4863767282202326,0.6186347319175846
2019-04-05 19:07:00+00:00,0.5719,0.0,1,0.029378794133663177,0.0
2019-04-05 19:59:00+00:00,-0.6486,0.0,1,-0.23251375555992126,0.0
2019-04-05 20:46:00+00:00,0.3612,0.0,1,0.3683033287525177,0.0
2019-04-06 00:00:00+00:00,0.016075000000000006,0.46274496485645317,4,0.2420772584155202,0.3873187504740521
2019-04-07 00:00:00+00:00,0.09884090909090909,0.367661693174181,22,-0.06524858081882651,0.5008823240904154
2019-04-08 00:00:00+00:00,-0.006419999999999993,0.43013973710399905,40,-0.17546446290798484,0.6166433227473715
2019-04-09 00:00:00+00:00,-0.2254875,0.3745652695179203,32,-0.4018247362691909,0.5964893691541856
2019-04-09 12:57:00+00:00,0.0,0.0,1,0.695120096206665,0.0
2019-04-09 19:08:00+00:00,-0.2299,0.0,1,-0.015046261250972748,0.0
2019-04-09 22:10:00+00:00,0.2023,0.0,1,-0.1898665577173233,0.0
2019-04-09 22:22:00+00:00,0.5256,0.0,1,0.20127615332603455,0.0
2019-04-10 00:00:00+00:00,-0.11198461538461538,0.4771113603278025,26,-0.18589135302373996,0.5631763416118705
2019-04-10 12:18:00+00:00,0.4023,0.0,1,-0.8609200716018677,0.0
2019-04-10 19:10:00+00:00,0.7574,0.0,1,0.030581878498196602,0.0
2019-04-11 00:00:00+00:00,-0.07662619047619049,0.48166033171830464,42,-0.2350414184232553,0.5933940367156998
2019-04-11 11:48:00+00:00,0.80255,0.05890199487283936,2,0.6187650561332703,0.29887906571209266
2019-04-11 21:38:00+00:00,0.193,0.0,1,0.10736354440450668,0.0
2019-04-12 00:00:00+00:00,0.04825681818181819,0.4451685692731579,44,-0.11916452972218394,0.6697997540904249
2019-04-12 18:50:00+00:00,0.1901,0.0,1,0.0284721776843071,0.0
2019-04-12 19:26:00+00:00,0.8442,0.0,1,0.8331006169319153,0.0
2019-04-12 19:38:00+00:00,-0.1655,0.0,1,0.0359877273440361,0.0
2019-04-13 00:00:00+00:00,-0.07811666666666667,0.6679885969585608,6,-0.2871360530455907,0.7551497999640571
2019-04-14 00:00:00+00:00,-0.1519722222222222,0.3454885982719947,18,-0.025961400734053716,0.48489067141701175
2019-04-15 00:00:00+00:00,-0.014408333333333332,0.5884363076954767,36,-0.24576980734450948,0.6284081164415893
2019-04-15 11:14:00+00:00,0.296,0.0,1,0.29096269607543945,0.0
2019-04-15 19:04:00+00:00,0.0,0.0,1,-0.022938646376132965,0.0
2019-04-15 19:43:00+00:00,-0.7089,0.0,1,-0.7582436800003052,0.0
2019-04-15 19:52:00+00:00,0.9186,0.0,1,0.02390667423605919,0.0
2019-04-16 00:00:00+00:00,0.15811052631578945,0.5303514556873655,19,-0.158311575259033,0.7332479216205294
2019-04-16 20:22:00+00:00,0.2481,0.0,1,0.008659973740577698,0.0
2019-04-16 21:11:00+00:00,-0.8779,0.0,1,0.1304127424955368,0.0
2019-04-17 00:00:00+00:00,-0.010450000000000001,0.540505313218123,48,-0.024635406715484958,0.7146272947951745
2019-04-17 11:40:00+00:00,-0.5267,0.0,1,0.28171926736831665,0.0
2019-04-17 19:49:00+00:00,0.3612,0.0,1,0.3665972948074341,0.0
2019-04-17 19:50:00+00:00,0.5106,0.0,1,0.008658014237880707,0.0
2019-04-17 20:19:00+00:00,-0.6808,0.0,1,0.05388385057449341,0.0
2019-04-18 00:00:00+00:00,0.021758333333333334,0.48740886232343844,36,-0.16634001313812202,0.6143509388257578
2019-04-18 19:05:00+00:00,0.0,0.0,1,0.0023469459265470505,0.0
2019-04-18 19:08:00+00:00,0.5574,0.0,1,-0.05973438918590546,0.0
2019-04-18 19:13:00+00:00,0.9216,0.0,1,-0.6726928949356079,0.0
2019-04-18 19:47:00+00:00,0.6124,0.0,1,0.9073696136474609,0.0
2019-04-19 00:00:00+00:00,0.37998000000000004,0.4844278553097458,5,-0.2286128532141447,0.7396300297587697
2019-04-20 00:00:00+00:00,0.1045047619047619,0.3219913857173674,21,-0.24949964836594604,0.5131138631839454
2019-04-22 00:00:00+00:00,-0.0945642857142857,0.31806479798035764,28,-0.218897057830223,0.5381979932346533
2019-04-23 00:00:00+00:00,-0.015361538461538461,0.45631197754409464,39,-0.26227167114997524,0.6328914575266494
2019-04-23 19:37:00+00:00,0.3612,0.0,1,0.9127141237258911,0.0
2019-04-24 00:00:00+00:00,-0.04683225806451613,0.5101256455600566,31,-0.25233308754621014,0.6630770333816587
2019-04-24 04:25:00+00:00,0.9231,0.0,1,0.9208512306213379,0.0
2019-04-24 22:45:00+00:00,0.4588,0.0,1,-0.002990458160638809,0.0
2019-04-25 00:00:00+00:00,0.10603157894736844,0.5095453999905146,38,-0.156672528013587,0.7001294163777425
2019-04-25 09:28:00+00:00,0.5574,0.0,1,0.18631747364997864,0.0
2019-04-25 09:33:00+00:00,-0.1757,0.0,1,-0.08730915188789368,0.0
2019-04-25 19:08:00+00:00,0.7184,0.0,1,0.03862261772155762,0.0
2019-04-25 19:28:00+00:00,0.9246,0.0,1,0.009523827582597733,0.0
2019-04-25 21:30:00+00:00,-0.5423,0.0,1,-0.9436416625976562,0.0
2019-04-26 00:00:00+00:00,0.0916975,0.5160236540431565,40,-0.14162863912060858,0.6893252699898181
2019-04-26 19:47:00+00:00,0.4588,0.0,1,-0.05370987206697464,0.0
2019-04-26 19:52:00+00:00,0.0,0.0,1,-0.23261398077011108,0.0
2019-04-26 19:59:00+00:00,0.5106,0.0,1,-0.13621151447296143,0.0
2019-04-27 00:00:00+00:00,0.5081,0.33219876580144003,2,0.7056032121181488,0.2624748517513535
2019-04-28 00:00:00+00:00,-0.1006125,0.42937760828902105,16,-0.3408693033270538,0.5345612198388241
2019-04-29 00:00:00+00:00,-0.0009281250000000019,0.4622170850364542,32,-0.15663498605135828,0.701746296911111
2019-04-29 19:18:00+00:00,0.8625,0.0,1,0.2981950044631958,0.0
2019-04-29 20:33:00+00:00,0.0,0.0,1,-0.040173038840293884,0.0
2019-04-30 00:00:00+00:00,0.04673404255319149,0.5140817949114611,47,-0.10236698420757943,0.7179027709898559
2019-04-30 19:47:00+00:00,0.0,0.0,1,0.013765614479780197,0.0
2019-04-30 19:52:00+00:00,-0.4206,0.0,1,0.9057595133781433,0.0
2019-04-30 19:54:00+00:00,0.16015000000000001,1.0147689416808143,2,-0.011453002691268921,1.319302104833897
2019-05-01 00:00:00+00:00,0.16115526315789475,0.42852879981262376,38,-0.05124111610807871,0.6903804675364457
2019-05-01 19:06:00+00:00,-0.4931,0.0,1,0.0054643414914608,0.0
2019-05-01 19:46:00+00:00,0.0,0.0,1,0.13621112704277039,0.0
2019-05-01 19:49:00+00:00,0.3818,0.0,1,0.6685404181480408,0.0
2019-05-01 19:51:00+00:00,0.296,0.0,1,-0.3442830443382263,0.0
2019-05-01 19:54:00+00:00,0.513,0.0,1,-0.36407503485679626,0.0
2019-05-02 00:00:00+00:00,0.026306122448979594,0.46417417591539356,49,-0.09797757077125871,0.5364947755790901
2019-05-02 19:02:00+00:00,-0.3595,0.0,1,0.00658995658159256,0.0
2019-05-02 19:28:00+00:00,0.2732,0.0,1,0.12288951873779297,0.0
2019-05-03 00:00:00+00:00,-0.0029374999999999957,0.507335358057877,8,-0.27393779531121254,0.5898268952073384
2019-05-03 13:51:00+00:00,-0.5267,0.0,1,-0.9468976259231567,0.0
2019-05-03 19:17:00+00:00,0.0,0.0,1,0.012058742344379425,0.0
2019-05-03 19:57:00+00:00,0.6369,0.0,1,-0.4145123064517975,0.0
2019-05-04 00:00:00+00:00,0.040459090909090896,0.42033448320422484,22,-0.24261454950002107,0.5894699453917825
2019-05-05 00:00:00+00:00,-0.107075,0.5715237024831079,4,-0.46597257256507874,0.8808302425366825
2019-05-06 00:00:00+00:00,0.034887096774193535,0.4381553276650762,31,-0.15233746267134143,0.5536095612848022
2019-05-06 08:36:00+00:00,0.7579,0.0,1,0.12641088664531708,0.0
2019-05-06 18:51:00+00:00,-0.5267,0.0,1,-0.017065584659576416,0.0
2019-05-06 19:34:00+00:00,-0.128,0.0,1,-0.44478148221969604,0.0
2019-05-07 00:00:00+00:00,0.1122948717948718,0.4601433500601616,39,-0.12295824547226612,0.6380585251386522
2019-05-07 20:04:00+00:00,-0.1027,0.0,1,-0.7597721219062805,0.0
2019-05-07 20:17:00+00:00,0.2023,0.0,1,-0.0022285059094429016,0.0
2019-05-07 21:13:00+00:00,-0.5803,0.0,1,0.007133197039365768,0.0
2019-05-08 00:00:00+00:00,0.013822222222222222,0.581329389348788,36,-0.11304737451589769,0.7030849195588647
2019-05-08 11:04:00+00:00,-0.8984,0.0,1,-0.9292241334915161,0.0
2019-05-08 12:28:00+00:00,0.3818,0.0,1,-0.012109741568565369,0.0
2019-05-08 19:26:00+00:00,0.0,0.0,1,0.5122945308685303,0.0
2019-05-08 19:28:00+00:00,0.6249,0.0,1,0.5036308169364929,0.0
2019-05-08 20:00:00+00:00,0.5083,0.0,1,-0.008461613208055496,0.0
2019-05-09 00:00:00+00:00,0.19561951219512197,0.49322595492305155,41,0.012637204286165354,0.6386601754382703
2019-05-09 18:56:00+00:00,0.0,0.0,1,-0.10789554566144943,0.0
2019-05-09 18:57:00+00:00,0.5994,0.0,1,0.7278523445129395,0.0
2019-05-09 20:45:00+00:00,0.2481,0.0,1,0.011690756306052208,0.0
2019-05-10 00:00:00+00:00,0.115728,0.490610453161182,50,-0.16937377531081438,0.6603976422231553
2019-05-10 11:05:00+00:00,0.4215,0.0,1,0.011562786996364594,0.0
2019-05-10 16:45:00+00:00,-0.34,0.0,1,-0.1285795122385025,0.0
2019-05-10 18:34:00+00:00,0.4201,0.0,1,0.8835761547088623,0.0
2019-05-10 19:46:00+00:00,-0.3976,0.0,1,-0.8726751804351807,0.0
2019-05-11 00:00:00+00:00,-0.07355789473684211,0.5409572424218525,19,-0.20434000097999447,0.4292080598739326
2019-05-12 00:00:00+00:00,0.02149999999999999,0.5504506063217661,3,0.16857691605885824,0.9725723209554308
2019-05-13 00:00:00+00:00,-0.08881568627450981,0.5506327616016138,51,-0.27366624224711866,0.6628985615803518
2019-05-13 19:36:00+00:00,0.872,0.0,1,-0.0026657581329345703,0.0
2019-05-14 00:00:00+00:00,-0.1691025641025641,0.5242856124425932,39,-0.19621802613330194,0.6894533828872722
2019-05-14 07:47:00+00:00,-0.6597,0.0,1,0.49388352036476135,0.0
2019-05-14 11:30:00+00:00,-0.1386,0.0,1,0.006841618567705154,0.0
2019-05-14 12:05:00+00:00,-0.7096,0.0,1,-0.906938910484314,0.0
2019-05-14 18:50:00+00:00,-0.0772,0.0,1,0.9101858735084534,0.0
2019-05-14 18:52:00+00:00,0.7506,0.0,1,0.8953883647918701,0.0
2019-05-14 18:56:00+00:00,0.2942,0.0,1,-0.01143120601773262,0.0
2019-05-14 19:24:00+00:00,-0.6486,0.0,1,-0.5584521889686584,0.0
2019-05-15 00:00:00+00:00,-0.028787499999999994,0.5052050915433023,48,-0.19005906453821808,0.6402155853389476
2019-05-15 20:19:00+00:00,0.4019,0.0,1,0.03584497049450874,0.0
2019-05-16 00:00:00+00:00,-0.061309302325581405,0.47122857501578413,43,-0.16516052320772825,0.5170530895413233
2019-05-16 11:15:00+00:00,0.7717,0.0,1,0.5117491483688354,0.0
2019-05-16 18:55:00+00:00,-0.323,0.0,1,0.20772585272789001,0.0
2019-05-16 19:41:00+00:00,-0.296,0.0,1,0.09916724264621735,0.0
2019-05-16 20:08:00+00:00,0.0,0.0,1,0.05966075509786606,0.0
2019-05-17 00:00:00+00:00,-0.10524857142857143,0.5434860636621311,35,-0.43106679352266447,0.5933373193784537
2019-05-17 08:32:00+00:00,-0.25,0.0,1,-0.18882375955581665,0.0
2019-05-17 18:39:00+00:00,0.4404,0.0,1,0.7729024887084961,0.0
2019-05-17 19:08:00+00:00,0.0,0.0,1,5.44525682926178e-05,0.0
2019-05-18 00:00:00+00:00,0.1389,0.3098527230798529,3,-0.5714487532774607,0.49157533960434363
2019-05-18 01:07:00+00:00,0.5859,0.0,1,0.06871591508388519,0.0
2019-05-19 00:00:00+00:00,0.008557142857142862,0.47269431611086304,14,-0.21245151039745128,0.47514547183376543
2019-05-20 00:00:00+00:00,0.01789,0.37809676042169327,30,-0.2874561787893375,0.5478546789455357
2019-05-20 19:01:00+00:00,-0.1027,0.0,1,-0.016889646649360657,0.0
2019-05-20 21:32:00+00:00,0.2247,0.0,1,0.025647219270467758,0.0
2019-05-21 00:00:00+00:00,-0.2658837837837838,0.5397039839442407,37,-0.3292407926574752,0.652313896895528
2019-05-21 07:21:00+00:00,-0.7845,0.0,1,-0.08407226949930191,0.0
2019-05-21 07:46:00+00:00,0.4215,0.0,1,0.7664626240730286,0.0
2019-05-21 18:58:00+00:00,-0.6428,0.0,1,-0.5817254781723022,0.0
2019-05-21 19:01:00+00:00,-0.4019,0.0,1,0.3541623055934906,0.0
2019-05-21 19:06:00+00:00,0.8374,0.0,1,0.05429910868406296,0.0
2019-05-22 00:00:00+00:00,-0.11834864864864865,0.49186226991665827,37,-0.13380898384226336,0.6437082230988451
2019-05-22 12:57:00+00:00,0.6597,0.0,1,0.18483279645442963,0.0
2019-05-22 19:38:00+00:00,-0.5314,0.0,1,-0.4914131760597229,0.0
2019-05-22 19:39:00+00:00,0.7845,0.0,1,0.8728641867637634,0.0
2019-05-22 20:05:00+00:00,-0.8462,0.0,1,-0.9218459129333496,0.0
2019-05-23 00:00:00+00:00,-0.14940178571428572,0.4745741986209883,56,-0.16144583064929716,0.5983025594129191
2019-05-23 18:59:00+00:00,-0.6187,0.0,1,-0.7507981657981873,0.0
2019-05-23 19:24:00+00:00,0.8019,0.0,1,0.1570461392402649,0.0
2019-05-23 20:16:00+00:00,-0.4215,0.0,1,-0.7115479111671448,0.0
2019-05-24 00:00:00+00:00,-0.13035454545454545,0.6447067928347527,11,-0.17286294292319904,0.6981411298499117
2019-05-25 00:00:00+00:00,-0.11437647058823529,0.28493739340733204,17,-0.16645758599042892,0.5535559599024619
2019-05-26 00:00:00+00:00,-0.012519999999999995,0.3493576942423278,20,-0.03436006736010313,0.44175976695172686
2019-05-27 00:00:00+00:00,0.3608363636363636,0.4684756819147121,11,0.46283152394674043,0.4032610487646122
2019-05-28 00:00:00+00:00,0.24151923076923076,0.3250516070032336,26,-0.032254244917287275,0.6199357674279257
2019-05-28 19:36:00+00:00,0.6249,0.0,1,-0.938569188117981,0.0
2019-05-28 19:46:00+00:00,-0.195,0.0,1,0.9194000959396362,0.0
2019-05-28 20:49:00+00:00,-0.1511,0.0,1,-0.07810722291469574,0.0
2019-05-29 00:00:00+00:00,-0.1612969696969697,0.4903995325783155,33,-0.3595009146992004,0.6230987181578549
2019-05-29 18:57:00+00:00,-0.867,0.0,1,0.4022061228752136,0.0
2019-05-29 19:06:00+00:00,0.6597,0.0,1,0.9277503490447998,0.0
2019-05-29 20:16:00+00:00,0.0,0.0,1,0.02645796909928322,0.0
2019-05-29 20:21:00+00:00,0.8555,0.0,1,0.7848567962646484,0.0
2019-05-30 00:00:00+00:00,-0.2251969696969697,0.4569283481061667,33,-0.3992402921571876,0.610262295411332
2019-05-30 19:59:00+00:00,-0.5365,0.0,1,-0.3801896572113037,0.0
2019-05-30 20:04:00+00:00,0.3818,0.0,1,0.8019920587539673,0.0
2019-05-31 00:00:00+00:00,-0.17696578947368422,0.49232384599829115,38,-0.24791772325376146,0.5501747581007943
2019-05-31 19:09:00+00:00,-0.4005,0.0,1,0.08423388749361038,0.0
2019-05-31 19:11:00+00:00,0.8573,0.0,1,0.48940178751945496,0.0
2019-05-31 19:17:00+00:00,0.0,0.0,1,0.24838079512119293,0.0
2019-05-31 19:44:00+00:00,-0.4588,0.0,1,-0.012564461678266525,0.0
2019-05-31 20:00:00+00:00,-0.1027,0.0,1,-0.2982482612133026,0.0
2019-06-01 00:00:00+00:00,-0.1166,0.6605331899306802,5,-0.08489835858345032,0.7544767995300022
2019-06-02 00:00:00+00:00,-0.20103928571428573,0.4657198469110785,28,-0.23895527621997253,0.5763614409045044
2019-06-03 00:00:00+00:00,0.0707725,0.5113274283352583,40,-0.240606246329844,0.621824713055145
2019-06-03 19:36:00+00:00,-0.5994,0.0,1,-0.8932466506958008,0.0
2019-06-03 19:38:00+00:00,0.7717,0.0,1,0.8632296919822693,0.0
2019-06-03 20:24:00+00:00,0.4215,0.0,1,-0.007504113018512726,0.0
2019-06-04 00:00:00+00:00,0.014470588235294122,0.5293633290261492,51,-0.1896006511706932,0.654767724231893
2019-06-04 18:05:00+00:00,0.0258,0.0,1,-0.9674685001373291,0.0
2019-06-04 19:29:00+00:00,-0.296,0.0,1,-0.03215823322534561,0.0
2019-06-04 19:32:00+00:00,-0.5859,0.0,1,-0.05906200408935547,0.0
2019-06-04 19:33:00+00:00,0.0,0.0,1,0.27328580617904663,0.0
2019-06-05 00:00:00+00:00,-0.008496363636363637,0.40154194465817056,55,-0.2123416885056279,0.5021863394075979
2019-06-05 01:50:00+00:00,0.4588,0.0,1,-0.0942743569612503,0.0
2019-06-05 19:16:00+00:00,0.5346,0.0,1,0.009870205074548721,0.0
2019-06-05 19:20:00+00:00,-0.6249,0.0,1,0.065299391746521,0.0
2019-06-05 19:21:00+00:00,0.73,0.0,1,0.8200584650039673,0.0
2019-06-06 00:00:00+00:00,-0.012100000000000007,0.5197680081398953,36,-0.2123773274425831,0.6631869309844476
2019-06-06 10:24:00+00:00,-0.0387,0.0,1,0.2585100829601288,0.0
2019-06-07 00:00:00+00:00,-0.17421818181818183,0.5188026518186765,33,-0.3766570222197157,0.6291578313281545
2019-06-07 18:58:00+00:00,0.4215,0.0,1,0.915669322013855,0.0
2019-06-07 19:42:00+00:00,0.2732,0.0,1,-0.01314738392829895,0.0
2019-06-08 00:00:00+00:00,-0.21652500000000002,0.6426878196849763,8,-0.19764863140881062,0.8349342246160649
2019-06-09 00:00:00+00:00,-0.07003461538461538,0.4093854281161534,26,-0.30691122750823313,0.4794001939656917
2019-06-10 00:00:00+00:00,0.005854545454545452,0.36608241063209696,44,-0.15610566747967491,0.5898526118349683
2019-06-10 19:19:00+00:00,-0.5423,0.0,1,-0.941737949848175,0.0
2019-06-10 19:22:00+00:00,0.4864,0.0,1,0.1347627341747284,0.0
2019-06-10 19:30:00+00:00,0.0,0.0,1,-0.0019492246210575104,0.0
2019-06-10 19:54:00+00:00,-0.4215,0.0,1,-0.05764284357428551,0.0
2019-06-11 00:00:00+00:00,0.12406451612903224,0.4442855932455963,31,-0.22950799276511516,0.6254050824360999
2019-06-11 19:02:00+00:00,0.0,0.0,1,-0.0017276927828788757,0.0
2019-06-11 19:16:00+00:00,-0.5423,0.0,1,0.8013637065887451,0.0
2019-06-11 19:17:00+00:00,0.0,0.0,1,0.10244177281856537,0.0
2019-06-11 19:18:00+00:00,0.5556,0.0,1,-0.8933358192443848,0.0
2019-06-12 00:00:00+00:00,0.049943902439024385,0.5480920269666311,41,-0.04641461067992013,0.6898009008685743
2019-06-12 19:39:00+00:00,0.4588,0.0,1,-0.01926683820784092,0.0
2019-06-12 19:45:00+00:00,-0.7717,0.0,1,-0.0773104652762413,0.0
2019-06-12 19:47:00+00:00,0.0,0.0,1,0.9017059803009033,0.0
2019-06-13 00:00:00+00:00,-0.03178709677419354,0.47386855472935774,31,-0.12337211086865395,0.6892976816598161
2019-06-13 19:41:00+00:00,-0.2846,0.0,1,-0.6457633376121521,0.0
2019-06-13 19:42:00+00:00,0.024,0.0,1,0.01644057407975197,0.0
2019-06-13 19:49:00+00:00,-0.1027,0.0,1,0.2343924194574356,0.0
2019-06-13 19:59:00+00:00,0.0,0.0,1,-0.042931925505399704,0.0
2019-06-14 00:00:00+00:00,-0.07578387096774193,0.39990843209979476,31,-0.08681064002936886,0.5882351336683864
2019-06-14 19:19:00+00:00,0.6124,0.0,1,-0.0025109611451625824,0.0
2019-06-14 19:31:00+00:00,0.0276,0.0,1,-0.9211128354072571,0.0
2019-06-14 19:34:00+00:00,0.2716,0.0,1,-0.033490926027297974,0.0
2019-06-14 19:52:00+00:00,-0.6497,0.0,1,-0.9547548890113831,0.0
2019-06-15 00:00:00+00:00,-0.05245,0.9027632275408651,2,-0.5976518988609314,0.4583674609243489
2019-06-16 00:00:00+00:00,0.09562941176470588,0.3408733411487064,17,-0.31776077212656245,0.5262716905525356
2019-06-17 00:00:00+00:00,0.22477500000000003,0.514946225127175,12,0.16396172158420086,0.7098157387461739
2019-06-17 03:57:00+00:00,-0.7096,0.0,1,-0.4020686149597168,0.0
2019-06-17 19:59:00+00:00,0.743,0.0,1,0.11993294209241867,0.0
2019-06-17 20:01:00+00:00,0.7184,0.0,1,0.6858298778533936,0.0
2019-06-17 21:32:00+00:00,0.0,0.0,1,0.03338988125324249,0.0
2019-06-18 00:00:00+00:00,-0.0857530612244898,0.4168636828059228,49,-0.04364682198026959,0.5980812717788132
2019-06-18 19:34:00+00:00,0.296,0.0,1,0.015180382877588272,0.0
2019-06-18 19:35:00+00:00,0.4939,0.0,1,-0.2686617970466614,0.0
2019-06-18 19:39:00+00:00,0.1901,0.0,1,0.8732921481132507,0.0
2019-06-19 00:00:00+00:00,-0.017264102564102563,0.4298185966729267,39,-0.18021551739328948,0.567634399681511
2019-06-19 12:02:00+00:00,0.5574,0.0,1,-0.48199987411499023,0.0
2019-06-19 13:16:00+00:00,-0.27,0.0,1,-0.7835533618927002,0.0
2019-06-19 19:05:00+00:00,-0.4588,0.0,1,-0.009905681014060974,0.0
2019-06-19 19:07:00+00:00,-0.9072,0.0,1,-0.738639235496521,0.0
2019-06-20 00:00:00+00:00,-0.10289166666666667,0.45863171349481324,24,-0.048918141362567745,0.6733835211617527
2019-06-20 19:36:00+00:00,0.1779,0.0,1,0.012583382427692413,0.0
2019-06-20 19:39:00+00:00,0.0772,0.0,1,0.7019981741905212,0.0
2019-06-20 19:49:00+00:00,0.0,0.0,1,0.021780023351311684,0.0
2019-06-20 20:02:00+00:00,-0.7717,0.0,1,0.8699498772621155,0.0
2019-06-21 00:00:00+00:00,-0.1537296296296296,0.4239036273047983,27,-0.23204026447126158,0.554955830078391
2019-06-21 09:33:00+00:00,-0.2732,0.0,1,-0.9297327995300293,0.0
2019-06-21 18:01:00+00:00,-0.6271,0.0,1,-0.28192687034606934,0.0
2019-06-21 18:14:00+00:00,-0.8834,0.0,1,-0.9272902607917786,0.0
2019-06-22 00:00:00+00:00,-0.14016666666666663,0.777456689040189,3,-0.4293528397878011,0.8106450251715286
2019-06-23 00:00:00+00:00,-0.01521428571428572,0.42631529797289036,21,-0.18943080501187415,0.5376927941925315
2019-06-24 00:00:00+00:00,-0.06469714285714286,0.5100708546430608,35,-0.33995383642613886,0.46194331115698595
2019-06-25 00:00:00+00:00,-0.004029166666666664,0.4489933818425454,24,0.01655767997726798,0.6495566682272685
2019-06-26 00:00:00+00:00,-0.09389268292682927,0.40652896476772965,41,-0.25868372846303916,0.6066018928023619
2019-06-27 00:00:00+00:00,-0.09230487804878049,0.4672569854754552,41,-0.09695561670857232,0.5788515264299736
2019-06-28 00:00:00+00:00,0.07374482758620689,0.5797404385869637,29,0.11551637896176042,0.6862983288317687
2019-06-29 00:00:00+00:00,-0.051369565217391305,0.4545566285701652,23,-0.12917265538936076,0.6569684872371796
2019-06-30 00:00:00+00:00,0.24367499999999997,0.8093576851429781,4,0.21354283764958382,0.8258376598221939
2019-07-01 00:00:00+00:00,-0.035831578947368416,0.4569017765251223,19,-0.1724102661797875,0.5470718741820851
2019-07-01 19:18:00+00:00,0.0,0.0,1,0.0027009397745132446,0.0
2019-07-01 19:19:00+00:00,-0.34,0.0,1,-0.21290335059165955,0.0
2019-07-01 19:20:00+00:00,0.8658,0.0,1,0.2675839066505432,0.0
2019-07-01 19:21:00+00:00,-0.2023,0.0,1,-0.27433526515960693,0.0
2019-07-01 19:52:00+00:00,0.3182,0.0,1,-0.3693162500858307,0.0
2019-07-02 00:00:00+00:00,0.15505151515151513,0.5165035534251023,33,-0.06697939725762064,0.6083734816709341
2019-07-02 08:52:00+00:00,0.0,0.0,1,0.5859947800636292,0.0
2019-07-02 19:54:00+00:00,0.4215,0.0,1,0.27582067251205444,0.0
2019-07-02 19:56:00+00:00,-0.4588,0.0,1,-0.6351320743560791,0.0
2019-07-02 20:05:00+00:00,0.8934,0.0,1,0.31445419788360596,0.0
2019-07-03 00:00:00+00:00,-0.10460909090909092,0.41265014643432846,33,-0.36538239760380803,0.5582747196334306
2019-07-04 00:00:00+00:00,-0.15999545454545452,0.3818935285144435,22,-0.41224895807152445,0.5504909766241384
2019-07-05 00:00:00+00:00,-0.02880967741935483,0.39950728934095703,31,-0.34307767000169526,0.5435649433964068
2019-07-07 00:00:00+00:00,0.10223333333333334,0.417403101823363,18,-0.39261045472489464,0.55986679643873
2019-07-08 00:00:00+00:00,-0.0562,0.5400903409279195,23,-0.22849902688809062,0.608081914437203
2019-07-08 19:10:00+00:00,0.0,0.0,1,0.009302439168095589,0.0
2019-07-08 19:25:00+00:00,0.7964,0.0,1,0.634543240070343,0.0
2019-07-08 19:50:00+00:00,-0.4767,0.0,1,0.8894944787025452,0.0
2019-07-09 00:00:00+00:00,-0.07742962962962963,0.5015135728010796,27,-0.3640137000216378,0.680687742142987
2019-07-09 09:45:00+00:00,-0.25,0.0,1,-0.778972327709198,0.0
2019-07-09 19:50:00+00:00,0.9042,0.0,1,0.7925352454185486,0.0
2019-07-10 00:00:00+00:00,-0.07796774193548386,0.4859794758266353,31,-0.11995099701227681,0.6521966255873677
2019-07-10 10:10:00+00:00,-0.4939,0.0,1,-0.24756962060928345,0.0
2019-07-10 11:42:00+00:00,-0.5859,0.0,1,-0.9418885707855225,0.0
2019-07-10 19:08:00+00:00,0.6369,0.0,1,0.013653136789798737,0.0
2019-07-10 19:34:00+00:00,0.34,0.0,1,-0.7863562703132629,0.0
2019-07-10 20:47:00+00:00,-0.4939,0.0,1,-0.0006772875785827637,0.0
2019-07-10 20:48:00+00:00,-0.34,0.0,1,-0.811854898929596,0.0
2019-07-11 00:00:00+00:00,-0.06089599999999999,0.4257913049840262,25,-0.046870206892490385,0.6823241239063046
2019-07-11 19:38:00+00:00,-0.6908,0.0,1,0.004253372550010681,0.0
2019-07-11 19:40:00+00:00,0.6808,0.0,1,0.06633032858371735,0.0
2019-07-12 00:00:00+00:00,-0.09037692307692308,0.5172614831234557,13,-0.2075004096214588,0.8032353330185736
2019-07-12 03:36:00+00:00,-0.0258,0.0,1,-0.8424443006515503,0.0
2019-07-12 18:37:00+00:00,-0.4404,0.0,1,0.20543088018894196,0.0
2019-07-12 19:00:00+00:00,-0.2263,0.0,1,-0.5626717805862427,0.0
2019-07-13 00:00:00+00:00,-0.06378888888888888,0.3115927090608336,18,-0.25194844231009483,0.4885765365210723
2019-07-14 00:00:00+00:00,0.0258,0.0,1,0.03689109534025192,0.0
2019-07-15 00:00:00+00:00,-0.02790263157894737,0.4904518994443424,38,-0.2861297708004713,0.6829173615715031
2019-07-15 19:16:00+00:00,0.4767,0.0,1,-0.15113629400730133,0.0
2019-07-15 20:15:00+00:00,0.2023,0.0,1,-0.1715756356716156,0.0
2019-07-15 21:04:00+00:00,0.0,0.0,1,-0.012179017066955566,0.0
2019-07-16 00:00:00+00:00,-0.021939285714285713,0.48683758668253857,28,-0.16508770933640854,0.636883626861881
2019-07-16 15:34:00+00:00,0.3716,0.0,1,0.08134046196937561,0.0
2019-07-16 19:24:00+00:00,0.743,0.0,1,0.012786980718374252,0.0
2019-07-16 20:37:00+00:00,0.4019,0.0,1,0.8381534218788147,0.0
2019-07-16 20:50:00+00:00,-0.2944,0.0,1,-0.9140014052391052,0.0
2019-07-17 00:00:00+00:00,0.06879687500000001,0.48378629145147445,32,-0.39850512333214283,0.6622187321910102
2019-07-17 18:56:00+00:00,0.2782,0.0,1,-0.9291551113128662,0.0
2019-07-17 19:08:00+00:00,-0.5423,0.0,1,0.12556396424770355,0.0
2019-07-17 19:32:00+00:00,-0.1779,0.0,1,-0.03518816456198692,0.0
2019-07-18 00:00:00+00:00,-0.08198571428571429,0.4628705152225986,28,-0.19185837438063963,0.727538585555773
2019-07-18 14:07:00+00:00,-0.2333,0.0,1,0.11160220205783844,0.0
2019-07-18 19:24:00+00:00,-0.305,0.0,1,0.23879355192184448,0.0
2019-07-18 19:25:00+00:00,0.0772,0.0,1,0.6963962316513062,0.0
2019-07-18 20:21:00+00:00,0.4939,0.0,1,0.052158255130052567,0.0
2019-07-18 20:31:00+00:00,-0.714,0.0,1,-0.0900571197271347,0.0
2019-07-19 00:00:00+00:00,0.007580769230769224,0.4607979930678785,26,0.0492620667299399,0.6273938996885036
2019-07-19 19:18:00+00:00,0.296,0.0,1,0.018188979476690292,0.0
2019-07-19 19:33:00+00:00,0.5994,0.0,1,0.11817176640033722,0.0
2019-07-20 00:00:00+00:00,-0.308,0.4571741571873896,3,-0.7898225784301758,0.23604826499510115
2019-07-22 00:00:00+00:00,0.08411875,0.4758113725182932,32,-0.16962170705664903,0.586172817970031
2019-07-22 04:09:00+00:00,0.0,0.0,1,-0.8032808303833008,0.0
2019-07-22 19:57:00+00:00,0.128,0.0,1,-0.7455954551696777,0.0
2019-07-23 00:00:00+00:00,0.07864324324324325,0.5390703590135215,37,-0.08586922247667571,0.7492756439662382
2019-07-23 19:14:00+00:00,0.4588,0.0,1,-0.021982520818710327,0.0
2019-07-23 20:14:00+00:00,0.9375,0.0,1,0.8143051266670227,0.0
2019-07-24 00:00:00+00:00,-0.05146666666666667,0.5470044393482257,33,-0.3438652530312538,0.6799266783457346
2019-07-24 14:39:00+00:00,0.4939,0.0,1,0.1018008217215538,0.0
2019-07-24 14:42:00+00:00,-0.25,0.0,1,-0.03285559266805649,0.0
2019-07-24 19:12:00+00:00,-0.2263,0.0,1,-0.065526083111763,0.0
2019-07-24 19:25:00+00:00,-0.5994,0.0,1,-0.8578857183456421,0.0
2019-07-24 19:27:00+00:00,0.0,0.0,1,0.04457676410675049,0.0
2019-07-25 00:00:00+00:00,0.053512000000000004,0.47603064840449943,50,-0.19691305842250587,0.6801855312456698
2019-07-26 00:00:00+00:00,0.2656722222222222,0.6971566713997106,18,0.07891427808337742,0.770309161130355
2019-07-27 00:00:00+00:00,-0.058242105263157894,0.41453648722370157,19,-0.3556401033542658,0.5569672385439487
2019-07-28 00:00:00+00:00,-0.020561904761904764,0.40000659179092346,21,-0.0317358560860157,0.4848059755374116
2019-07-29 00:00:00+00:00,0.015412121212121207,0.4786150134486849,33,-0.12907027622515505,0.6998697198823036
2019-07-29 19:24:00+00:00,0.0,0.0,1,0.03144821897149086,0.0
2019-07-29 19:30:00+00:00,0.5423,0.0,1,0.8391207456588745,0.0
2019-07-29 23:30:00+00:00,0.6124,0.0,1,0.22403384745121002,0.0
2019-07-30 00:00:00+00:00,-0.06366923076923078,0.506730354514346,39,-0.39851170830810684,0.6463911120497716
2019-07-30 19:20:00+00:00,0.8442,0.0,1,-0.36270156502723694,0.0
2019-07-30 19:21:00+00:00,0.21445000000000003,0.6870956592789682,2,0.42493036948144436,0.623068949779535
2019-07-30 20:48:00+00:00,0.5859,0.0,1,0.8658236265182495,0.0
2019-07-31 00:00:00+00:00,-0.04946,0.5355279833240061,40,-0.257840112503618,0.7389640219279916
2019-07-31 19:34:00+00:00,-0.4939,0.0,1,-0.3778374195098877,0.0
2019-07-31 20:01:00+00:00,-0.4767,0.0,1,-0.7728754878044128,0.0
2019-07-31 21:04:00+00:00,0.7579,0.0,1,0.631087601184845,0.0
2019-07-31 23:15:00+00:00,0.4404,0.0,1,0.10048678517341614,0.0
2019-08-01 00:00:00+00:00,-0.14939285714285713,0.5237963545491331,56,-0.20145846623927355,0.7002434175335522
2019-08-01 19:12:00+00:00,-0.5994,0.0,1,-0.8655398488044739,0.0
2019-08-01 19:38:00+00:00,0.4822,0.0,1,0.014438750222325325,0.0
2019-08-01 20:24:00+00:00,0.2732,0.0,1,0.10539854317903519,0.0
2019-08-02 00:00:00+00:00,0.027625925925925925,0.604766633054305,27,-0.17881161471207938,0.742622008604634
2019-08-02 09:47:00+00:00,0.5994,0.0,1,0.19410431385040283,0.0
2019-08-03 00:00:00+00:00,-0.14005499999999999,0.3786423357137139,20,-0.311995305120945,0.6044199507025281
2019-08-04 00:00:00+00:00,-0.014523809523809519,0.40156374326470495,21,-0.021611731499433517,0.5635694638930268
2019-08-05 00:00:00+00:00,-0.04903846153846154,0.5371157474077263,39,-0.22783505821075195,0.7097951312136488
2019-08-05 16:13:00+00:00,0.0,0.0,1,-0.0352616049349308,0.0
2019-08-05 20:34:00+00:00,0.4019,0.0,1,0.7532285451889038,0.0
2019-08-05 20:43:00+00:00,0.4215,0.0,1,0.6905304789543152,0.0
2019-08-05 21:41:00+00:00,0.6369,0.0,1,0.1330285370349884,0.0
2019-08-06 00:00:00+00:00,-0.034893548387096775,0.4860256487988289,31,-0.3334856363794496,0.6240715595077393
2019-08-06 01:17:00+00:00,0.4215,0.0,1,0.403046578168869,0.0
2019-08-06 20:53:00+00:00,-0.7024,0.0,1,-0.7260763645172119,0.0
2019-08-06 20:59:00+00:00,-0.1326,0.0,1,-0.5140748620033264,0.0
2019-08-06 21:05:00+00:00,0.0,0.0,1,0.052504125982522964,0.0
2019-08-06 22:39:00+00:00,-0.4215,0.0,1,0.4260311722755432,0.0
2019-08-07 00:00:00+00:00,0.06756428571428572,0.5590012456120458,42,0.029184789618565923,0.654608727631315
2019-08-07 16:59:00+00:00,0.8712,0.0,1,0.9210463762283325,0.0
2019-08-07 18:29:00+00:00,0.3252,0.0,1,-0.8091385364532471,0.0
2019-08-08 00:00:00+00:00,0.06456785714285714,0.5318142407893467,28,-0.2553414042506899,0.7646667204459073
2019-08-08 18:09:00+00:00,-0.3818,0.0,1,-0.9214875102043152,0.0
2019-08-09 00:00:00+00:00,-0.107021875,0.479020285606129,32,-0.3765383274294436,0.6097080850641189
2019-08-09 10:52:00+00:00,0.6369,0.0,1,0.22447162866592407,0.0
2019-08-11 00:00:00+00:00,-0.0752625,0.4853707090118507,16,-0.3585458693560213,0.5073948031937302
2019-08-12 00:00:00+00:00,0.03302391304347826,0.4588215432241277,46,-0.08868426145256861,0.6046699824593593
2019-08-12 19:22:00+00:00,0.5994,0.0,1,-0.006850596517324448,0.0
2019-08-12 20:31:00+00:00,-0.8787,0.0,1,-0.7420401573181152,0.0
2019-08-13 00:00:00+00:00,-0.06026296296296296,0.45624370440178985,27,-0.14876536266119392,0.6670853028295756
2019-08-13 19:14:00+00:00,0.4003,0.0,1,0.014516236260533333,0.0
2019-08-13 19:15:00+00:00,0.1027,0.0,1,-0.853624701499939,0.0
2019-08-13 19:25:00+00:00,0.7964,0.0,1,0.602649450302124,0.0
2019-08-13 19:31:00+00:00,0.4939,0.0,1,0.7828161716461182,0.0
2019-08-13 20:01:00+00:00,0.0516,0.0,1,-0.11153790354728699,0.0
2019-08-14 00:00:00+00:00,0.10249655172413794,0.4780793878208025,29,-0.11755921723770685,0.6467121574443636
2019-08-14 18:53:00+00:00,-0.5595,0.0,1,0.0013353228569030762,0.0
2019-08-14 19:02:00+00:00,-0.2732,0.0,1,0.3100035488605499,0.0
2019-08-14 19:51:00+00:00,-0.9231,0.0,1,0.017277278006076813,0.0
2019-08-14 20:31:00+00:00,-0.6249,0.0,1,-0.9423913359642029,0.0
2019-08-15 00:00:00+00:00,-0.03313125000000001,0.6874619676449988,16,0.11426962167024612,0.8223259764804653
2019-08-15 19:04:00+00:00,-0.0516,0.0,1,-0.693013608455658,0.0
2019-08-15 19:16:00+00:00,0.8307,0.0,1,0.21205836534500122,0.0
2019-08-16 00:00:00+00:00,-0.14735357142857142,0.5099961579246295,28,-0.4160693285188505,0.5855620858668493
2019-08-16 15:00:00+00:00,-0.296,0.0,1,-0.13727803528308868,0.0
2019-08-17 00:00:00+00:00,-0.11302631578947368,0.4956016924934167,19,-0.24775681585857742,0.5092246548068144
2019-08-18 00:00:00+00:00,0.2023,0.0,1,-0.5078673362731934,0.0
2019-08-19 00:00:00+00:00,-0.2530137931034483,0.4512484900838514,29,-0.29439394676993635,0.6203946607975698
2019-08-19 12:50:00+00:00,0.7269,0.0,1,0.21499592065811157,0.0
2019-08-19 20:04:00+00:00,0.7003,0.0,1,0.16760538518428802,0.0
2019-08-19 21:04:00+00:00,0.3612,0.0,1,0.06502015143632889,0.0
2019-08-20 00:00:00+00:00,0.00417714285714286,0.5040441484432013,35,-0.2215774992746966,0.5848199988534536
2019-08-20 14:06:00+00:00,-0.2023,0.0,1,0.006196901202201843,0.0
2019-08-20 18:55:00+00:00,-0.2023,0.0,1,0.0004985854029655457,0.0
2019-08-20 19:24:00+00:00,0.0,0.0,1,0.042380064725875854,0.0
2019-08-20 20:07:00+00:00,0.6742,0.0,1,0.6258844137191772,0.0
2019-08-21 00:00:00+00:00,-0.11073157894736842,0.5092526915399493,38,-0.06013249762748417,0.7124487325377277
2019-08-21 19:35:00+00:00,0.5719,0.0,1,0.9129455089569092,0.0
2019-08-21 20:25:00+00:00,0.4939,0.0,1,0.026336118578910828,0.0
2019-08-22 00:00:00+00:00,0.02502222222222223,0.5495843770451116,36,-0.21419800766226318,0.5697851553306065
2019-08-22 08:00:00+00:00,-0.25,0.0,1,-0.72559654712677,0.0
2019-08-22 19:21:00+00:00,0.1027,0.0,1,-0.8317434787750244,0.0
2019-08-22 20:12:00+00:00,-0.4215,0.0,1,0.050395138561725616,0.0
2019-08-23 00:00:00+00:00,-0.09261428571428572,0.4336960512653036,56,-0.2991207522739257,0.5692366537079819
2019-08-24 00:00:00+00:00,-0.2997,0.42383980464321663,2,-0.4158242307603359,0.5909555510491861
2019-08-25 00:00:00+00:00,-0.32332173913043477,0.3263291798121,23,-0.27161681198555493,0.5434613941907616
2019-08-26 00:00:00+00:00,-0.08003214285714286,0.504106667176238,28,-0.04167705840830292,0.46517170260901447
2019-08-26 19:48:00+00:00,-0.9041,0.0,1,-0.43236756324768066,0.0
2019-08-26 19:50:00+00:00,0.4215,0.0,1,-0.015765640884637833,0.0
2019-08-26 20:21:00+00:00,-0.5346,0.0,1,-0.8096694350242615,0.0
2019-08-26 21:06:00+00:00,0.9136,0.0,1,0.013420701026916504,0.0
2019-08-26 21:56:00+00:00,0.595,0.0,1,-0.0968540608882904,0.0
2019-08-27 00:00:00+00:00,-0.24745294117647063,0.3870386976465477,34,-0.19837607147500796,0.559080830084593
2019-08-27 19:06:00+00:00,-0.2023,0.0,1,0.010249130427837372,0.0
2019-08-27 19:22:00+00:00,-0.8271,0.0,1,-0.12122887372970581,0.0
2019-08-28 00:00:00+00:00,-0.07578181818181817,0.3752396429737814,33,-0.12398116188970479,0.6154435063211913
2019-08-28 11:22:00+00:00,0.4939,0.0,1,0.059002585709095,0.0
2019-08-28 11:35:00+00:00,-0.6808,0.0,1,0.41349565982818604,0.0
2019-08-29 00:00:00+00:00,-0.03060652173913044,0.48407905938420803,46,-0.2054200932464522,0.6724519108005499
2019-08-30 00:00:00+00:00,-0.14490000000000003,0.39533427548721345,33,-0.25641749934716657,0.5468923889859059
2019-08-30 18:53:00+00:00,0.875,0.0,1,0.09026089310646057,0.0
2019-08-30 18:56:00+00:00,0.7506,0.0,1,0.06669989228248596,0.0
2019-08-30 21:42:00+00:00,0.7845,0.0,1,0.11877548694610596,0.0
2019-08-30 21:53:00+00:00,0.6369,0.0,1,0.005548262968659401,0.0
2019-08-30 22:00:00+00:00,-0.0258,0.0,1,0.031404752284288406,0.0
2019-08-31 00:00:00+00:00,0.09000526315789474,0.2777674776452904,19,-0.46309345372413335,0.4688073843397113
2019-09-01 00:00:00+00:00,-0.13664444444444446,0.38892128527992764,18,0.04005571806596385,0.3383751667589808
2019-09-02 00:00:00+00:00,0.04066666666666666,0.45250115125163815,24,-0.28159721855384606,0.5922754790857977
2019-09-03 00:00:00+00:00,-0.09047599999999999,0.4896792855873458,25,-0.18267014056444167,0.6742004369371452
2019-09-03 09:55:00+00:00,-0.0516,0.0,1,0.2500035762786865,0.0
2019-09-03 18:23:00+00:00,-0.1779,0.0,1,0.004373285919427872,0.0
2019-09-03 19:49:00+00:00,0.25,0.0,1,0.05695657432079315,0.0
2019-09-03 20:03:00+00:00,0.5719,0.0,1,0.024103635922074318,0.0
2019-09-04 00:00:00+00:00,-0.0479475,0.5163773088757821,40,-0.34271050374954937,0.7441061978282988
2019-09-05 00:00:00+00:00,0.007361363636363635,0.45887977866017754,44,-0.05659784651784734,0.6800070459416461
2019-09-05 18:58:00+00:00,-0.2023,0.0,1,0.002683427184820175,0.0
2019-09-05 19:50:00+00:00,-0.34,0.0,1,0.0731806606054306,0.0
2019-09-06 00:00:00+00:00,0.1520153846153846,0.6002903545315298,13,-0.25633508883989775,0.6553734793880708
2019-09-06 18:51:00+00:00,0.4588,0.0,1,0.008454205468297005,0.0
2019-09-06 20:06:00+00:00,0.2263,0.0,1,-0.811578631401062,0.0
2019-09-06 20:51:00+00:00,-0.1779,0.0,1,0.1338682770729065,0.0
2019-09-07 00:00:00+00:00,-0.06228888888888889,0.351366881978985,18,-0.19991439373956787,0.5352228272265833
2019-09-08 00:00:00+00:00,-0.5308666666666667,0.2037197175860337,3,-0.6066432098547617,0.26176944086485465
2019-09-09 00:00:00+00:00,-0.04836764705882353,0.4718671376438872,34,-0.22175006360253868,0.575318192459876
2019-09-09 18:51:00+00:00,0.0516,0.0,1,0.002229612320661545,0.0
2019-09-09 19:25:00+00:00,0.6597,0.0,1,-0.8614657521247864,0.0
2019-09-10 00:00:00+00:00,-0.09489642857142858,0.3855937436888177,28,-0.2899901386616485,0.5969494127768017
2019-09-10 18:52:00+00:00,-0.2268,0.0,1,-0.047908902168273926,0.0
2019-09-10 19:11:00+00:00,0.5719,0.0,1,0.08979084342718124,0.0
2019-09-11 00:00:00+00:00,-0.06185757575757575,0.4433511933489515,33,-0.08594987360817014,0.5716825002942719
2019-09-11 10:02:00+00:00,-0.5106,0.0,1,-0.04320539906620979,0.0
2019-09-11 18:32:00+00:00,0.4767,0.0,1,0.14667175710201263,0.0
2019-09-11 20:29:00+00:00,-0.3002,0.0,1,-0.8782738447189331,0.0
2019-09-12 00:00:00+00:00,0.030434482758620693,0.4414299823487236,58,0.021199245423335452,0.6540711758324252
2019-09-12 11:52:00+00:00,0.0,0.0,1,-0.6907989978790283,0.0
2019-09-12 18:02:00+00:00,0.128,0.0,1,-0.9412862658500671,0.0
2019-09-12 18:24:00+00:00,0.4588,0.0,1,0.036324817687273026,0.0
2019-09-13 00:00:00+00:00,-0.38943333333333335,0.5360404742181322,9,-0.42915770908196765,0.5995943835035403
2019-09-13 11:24:00+00:00,-0.3818,0.0,1,0.018368545919656754,0.0
2019-09-13 18:19:00+00:00,0.29375,0.09538870478206528,2,-0.31950369477272034,0.13122417069182005
2019-09-13 18:27:00+00:00,-0.0788,0.0,1,0.011452164500951767,0.0
2019-09-14 00:00:00+00:00,-0.055654545454545463,0.4626321234469367,22,-0.06855323038656604,0.5112496022659168
2019-09-15 00:00:00+00:00,-0.059572222222222235,0.5110953632733104,18,-0.3412919762647814,0.5560654593082738
2019-09-15 09:17:00+00:00,0.0,0.0,1,0.9117308855056763,0.0
2019-09-16 00:00:00+00:00,-0.06699565217391303,0.5151057018429773,23,-0.11259481764358023,0.6395993360145912
2019-09-16 19:39:00+00:00,0.4588,0.0,1,-0.00690404511988163,0.0
2019-09-16 19:41:00+00:00,-0.1779,0.0,1,0.02096821554005146,0.0
2019-09-17 00:00:00+00:00,0.013730303030303032,0.412398878124117,33,-0.08947548168626698,0.6168476606435934
2019-09-17 18:39:00+00:00,0.3612,0.0,1,0.13118062913417816,0.0
2019-09-17 19:36:00+00:00,0.5423,0.0,1,0.51036137342453,0.0
2019-09-17 19:59:00+00:00,0.5267,0.0,1,-0.05200273543596268,0.0
2019-09-17 20:16:00+00:00,-0.4939,0.0,1,0.012886211276054382,0.0
2019-09-18 00:00:00+00:00,-0.14888709677419354,0.4639323670119281,31,-0.2753981048421514,0.5976619269353617
2019-09-18 19:18:00+00:00,-0.9042,0.0,1,0.5076251029968262,0.0
2019-09-19 00:00:00+00:00,0.08215428571428571,0.5757087424071599,35,-0.1518729390842574,0.6130607887422788
2019-09-19 12:26:00+00:00,0.5187,0.0,1,0.6260453462600708,0.0
2019-09-19 19:35:00+00:00,0.0,0.0,1,0.0166604183614254,0.0
2019-09-19 20:00:00+00:00,-0.5948,0.0,1,0.5439127087593079,0.0
2019-09-20 00:00:00+00:00,0.036762500000000004,0.4113504406221051,32,-0.17103180440608412,0.6371779111573265
2019-09-20 20:17:00+00:00,0.0,0.0,1,-0.017656344920396805,0.0
2019-09-20 20:18:00+00:00,-0.4939,0.0,1,-0.10825077444314957,0.0
2019-09-20 20:20:00+00:00,0.7096,0.0,1,-0.3538239002227783,0.0
2019-09-21 00:00:00+00:00,0.139425,0.22598857456370075,4,-0.05884432792663574,1.0373507265790367
2019-09-21 08:55:00+00:00,-0.5197,0.0,1,-0.41366708278656006,0.0
2019-09-22 00:00:00+00:00,0.09552777777777778,0.3724594692605225,18,-0.2511110357526276,0.46498154000461267
2019-09-23 00:00:00+00:00,-0.10622571428571428,0.4363571202932775,70,-0.2162874692252704,0.5274433868125586
2019-09-23 16:04:00+00:00,-0.6369,0.0,1,-0.08037117123603821,0.0
2019-09-23 19:29:00+00:00,0.4215,0.0,1,-0.31530243158340454,0.0
2019-09-23 19:52:00+00:00,0.6249,0.0,1,0.05579689145088196,0.0
2019-09-23 20:05:00+00:00,0.4588,0.0,1,0.04379072040319443,0.0
2019-09-23 20:19:00+00:00,0.25,0.0,1,-0.00989796593785286,0.0
2019-09-24 00:00:00+00:00,-0.0797574074074074,0.527620176635761,54,-0.42749589357387136,0.5407605868948491
2019-09-24 19:59:00+00:00,-0.296,0.0,1,0.2417013943195343,0.0
2019-09-25 00:00:00+00:00,-0.11580625,0.5178821493305577,64,-0.23649698588997126,0.6128002842595385
2019-09-25 13:18:00+00:00,0.2732,0.0,1,-0.5258750915527344,0.0
2019-09-25 19:54:00+00:00,-0.25,0.0,1,-0.7698401212692261,0.0
2019-09-25 19:55:00+00:00,-0.4215,0.0,1,0.21938320994377136,0.0
2019-09-26 00:00:00+00:00,-0.06406999999999999,0.4519689904271003,40,-0.31996891954913736,0.6449100302528845
2019-09-26 09:06:00+00:00,-0.5994,0.0,1,0.6246401071548462,0.0
2019-09-26 18:45:00+00:00,-0.6124,0.0,1,-0.8830934762954712,0.0
2019-09-26 18:56:00+00:00,0.7096,0.0,1,0.01817946881055832,0.0
2019-09-26 18:59:00+00:00,0.3507,0.17819090885900998,2,0.44405208341777325,0.5652085654953093
2019-09-27 00:00:00+00:00,-0.040887179487179494,0.4478955089488754,39,-0.1082658534630751,0.5924496355228993
2019-09-27 09:19:00+00:00,0.0772,0.0,1,-0.6686068773269653,0.0
2019-09-27 18:51:00+00:00,-0.1027,0.0,1,-0.07019522786140442,0.0
2019-09-27 18:52:00+00:00,0.6249,0.0,1,-0.8152174949645996,0.0
2019-09-28 00:00:00+00:00,-0.03342631578947368,0.4128728979051076,19,-0.0834344633315739,0.43900882781915374
2019-09-29 00:00:00+00:00,-0.20642,0.4143719262488205,20,-0.26331771062687037,0.5764833815044479
2019-09-30 00:00:00+00:00,-0.17228529411764706,0.4949941004437864,34,-0.27283759946551395,0.6339850881301322
2019-09-30 19:27:00+00:00,0.2732,0.0,1,0.004028938710689545,0.0
2019-10-01 00:00:00+00:00,-0.26583225806451616,0.41541608409488817,31,-0.5192559058627775,0.4932699222805066
2019-10-01 18:57:00+00:00,-0.2023,0.0,1,-0.6497642993927002,0.0
2019-10-01 19:07:00+00:00,0.2589,0.0,1,-0.022928472608327866,0.0
2019-10-02 00:00:00+00:00,-0.047836111111111114,0.5379305601245136,36,-0.38075773599040175,0.5392609159531283
2019-10-02 18:42:00+00:00,0.5764,0.0,1,0.9149475693702698,0.0
2019-10-03 00:00:00+00:00,-0.13599268292682926,0.4531354556808836,41,-0.23872762436910375,0.627374143674936
2019-10-03 08:31:00+00:00,0.5267,0.0,1,-0.322939395904541,0.0
2019-10-03 18:57:00+00:00,0.4588,0.0,1,-0.0030907467007637024,0.0
2019-10-03 19:04:00+00:00,0.07010000000000001,0.1173797256769669,2,-0.8883012533187866,0.08064580298947316
2019-10-03 19:07:00+00:00,0.3716,0.0,1,0.5799681544303894,0.0
2019-10-03 19:37:00+00:00,-0.7783,0.0,1,0.6920312643051147,0.0
2019-10-03 19:44:00+00:00,0.4215,0.0,1,-0.05905710160732269,0.0
2019-10-04 00:00:00+00:00,0.05630645161290322,0.4306256177048179,31,-0.1510406241061226,0.6595650748085229
2019-10-04 11:41:00+00:00,-0.6997,0.0,1,-0.966951847076416,0.0
2019-10-04 18:30:00+00:00,0.6597,0.0,1,0.12982448935508728,0.0
2019-10-04 18:57:00+00:00,0.4588,0.0,1,0.0377037338912487,0.0
2019-10-04 19:25:00+00:00,0.0,0.0,1,0.1391405612230301,0.0
2019-10-05 00:00:00+00:00,0.2846,0.0,1,-0.887923002243042,0.0
2019-10-06 00:00:00+00:00,-0.049717647058823526,0.3249034745799399,17,-0.27204225825912814,0.41186258371941825
2019-10-07 00:00:00+00:00,-0.13425675675675677,0.44711844350521096,37,-0.09552824376402674,0.6536706697718351
2019-10-07 18:30:00+00:00,0.5859,0.0,1,-0.41917353868484497,0.0
2019-10-07 18:46:00+00:00,-0.1027,0.0,1,-0.7334161996841431,0.0
2019-10-07 18:54:00+00:00,0.7964,0.0,1,0.034254588186740875,0.0
2019-10-08 00:00:00+00:00,-0.07345142857142857,0.48358703844075385,35,-0.4071893702660288,0.6419093362542905
2019-10-08 18:34:00+00:00,-0.1027,0.0,1,-0.92645263671875,0.0
2019-10-08 18:36:00+00:00,0.5341,0.0,1,0.3119000792503357,0.0
2019-10-08 18:56:00+00:00,0.4588,0.0,1,0.011863090097904205,0.0
2019-10-09 00:00:00+00:00,0.012002777777777784,0.49511894010349305,36,-0.137062963253508,0.6367165064376984
2019-10-09 09:29:00+00:00,-0.6187,0.0,1,-0.9513121247291565,0.0
2019-10-10 00:00:00+00:00,0.05520833333333334,0.5134499182004025,36,0.014692882489826944,0.738938255321646
2019-10-10 18:16:00+00:00,-0.3182,0.0,1,0.008046157658100128,0.0
2019-10-10 18:44:00+00:00,0.743,0.0,1,0.8583424091339111,0.0
2019-10-10 19:07:00+00:00,-0.0772,0.0,1,0.02441459521651268,0.0
2019-10-11 00:00:00+00:00,-0.009152500000000003,0.42582385968938996,40,-0.09687895672395826,0.589685432174881
2019-10-11 18:34:00+00:00,0.0,0.0,1,0.727189838886261,0.0
2019-10-11 18:41:00+00:00,0.3818,0.0,1,0.8378443717956543,0.0
2019-10-11 20:42:00+00:00,-0.7506,0.0,1,0.043637096881866455,0.0
2019-10-12 00:00:00+00:00,-0.08044545454545454,0.3898824691368666,22,0.013637669384479523,0.6123726363686962
2019-10-13 00:00:00+00:00,-0.12575555555555554,0.4072195190950775,18,-0.11302819723884265,0.5860392756031513
2019-10-14 00:00:00+00:00,0.04438620689655172,0.4073369969554324,29,-0.03171907570855371,0.5537381998399247
2019-10-14 16:38:00+00:00,-0.5334,0.0,1,-0.39903032779693604,0.0
2019-10-15 00:00:00+00:00,0.04951351351351352,0.5249273712525286,37,-0.293920802858633,0.6841881671863081
2019-10-16 00:00:00+00:00,-0.06295365853658537,0.44683980803950374,41,-0.32577893092501453,0.6771962657923933
2019-10-16 12:01:00+00:00,0.1154,0.0,1,-0.10033676028251648,0.0
2019-10-17 00:00:00+00:00,-0.02453714285714286,0.5361207475306036,35,-0.2827960406030927,0.6523248581489994
2019-10-17 18:30:00+00:00,0.0772,0.0,1,-0.04399566352367401,0.0
2019-10-17 18:47:00+00:00,-0.1027,0.0,1,-0.11103545129299164,0.0
2019-10-17 19:09:00+00:00,0.5719,0.0,1,0.01654714345932007,0.0
2019-10-17 19:33:00+00:00,0.1027,0.0,1,0.04350348189473152,0.0
2019-10-18 00:00:00+00:00,0.004633333333333336,0.4556083763976231,30,-0.42835779177645844,0.6156834642653597
2019-10-18 11:24:00+00:00,0.6249,0.0,1,0.8287220001220703,0.0
2019-10-18 12:56:00+00:00,0.8742,0.0,1,0.16208530962467194,0.0
2019-10-18 18:49:00+00:00,-0.2023,0.0,1,0.0048233699053525925,0.0
2019-10-18 19:13:00+00:00,0.5256,0.0,1,0.050046615302562714,0.0
2019-10-19 00:00:00+00:00,-0.0129,0.018243354954612927,2,0.018288904801011086,0.0268079112929491
2019-10-20 00:00:00+00:00,-0.050995238095238093,0.40605030781442647,21,-0.09797368730817523,0.5814792439052778
2019-10-21 00:00:00+00:00,0.020396875,0.3962557959151777,32,-0.1899894782109186,0.6406782388019873
2019-10-21 19:07:00+00:00,-0.20015,0.9318960269257509,2,-0.42827044054865837,0.6361210622175516
2019-10-21 20:03:00+00:00,-0.1027,0.0,1,-0.3574399948120117,0.0
2019-10-22 00:00:00+00:00,0.01879999999999999,0.5235522220664995,40,-0.18776502809487283,0.6946434123376976
2019-10-22 15:29:00+00:00,0.4939,0.0,1,0.9233200550079346,0.0
2019-10-22 18:51:00+00:00,-0.2023,0.0,1,-0.006953274831175804,0.0
2019-10-22 18:53:00+00:00,0.2732,0.0,1,0.9290810823440552,0.0
2019-10-22 19:20:00+00:00,0.4348,0.0,1,0.05132986605167389,0.0
2019-10-23 00:00:00+00:00,0.011527027027027027,0.5038299066200862,37,-0.24860050861497182,0.7206766568068254
2019-10-23 15:06:00+00:00,-0.7964,0.0,1,-0.857570469379425,0.0
2019-10-23 18:25:00+00:00,0.6597,0.0,1,0.9023973345756531,0.0
2019-10-23 18:34:00+00:00,0.1027,0.0,1,-0.7095500230789185,0.0
2019-10-23 19:47:00+00:00,0.4588,0.0,1,0.0042159296572208405,0.0
2019-10-24 00:00:00+00:00,0.18606969696969697,0.5256474879165983,33,-0.09911148532321959,0.6865273909035265
2019-10-24 18:42:00+00:00,0.6124,0.0,1,-0.008204251527786255,0.0
2019-10-24 18:43:00+00:00,0.5423,0.0,1,-0.26449641585350037,0.0
2019-10-24 19:33:00+00:00,-0.1027,0.0,1,-0.0067838989198207855,0.0
2019-10-25 00:00:00+00:00,0.025893877551020412,0.48098475738502844,49,-0.19300450148935222,0.6720482881367897
2019-10-25 04:30:00+00:00,-0.5413,0.0,1,-0.9241582751274109,0.0
2019-10-25 19:09:00+00:00,-0.2551,0.0,1,-0.03295271843671799,0.0
2019-10-25 19:10:00+00:00,0.3714,0.0,1,0.26104307174682617,0.0
2019-10-25 19:33:00+00:00,0.4939,0.0,1,0.8763700127601624,0.0
2019-10-26 00:00:00+00:00,0.4939,0.0,1,0.6740190982818604,0.0
2019-10-27 00:00:00+00:00,-0.04042173913043477,0.444515827468005,23,-0.26504265233550384,0.6319144337722926
2019-10-28 00:00:00+00:00,0.3697529411764706,0.515657559720653,17,0.034880072754972125,0.7344473074359401
2019-10-28 18:26:00+00:00,-0.6738,0.0,1,0.13201381266117096,0.0
2019-10-28 18:42:00+00:00,0.7096,0.0,1,0.17223963141441345,0.0
2019-10-28 19:13:00+00:00,0.5574,0.0,1,0.7082667946815491,0.0
2019-10-28 20:16:00+00:00,0.0,0.0,1,0.5727196931838989,0.0
2019-10-29 00:00:00+00:00,-0.07301025641025641,0.472630268756318,39,-0.2380481907285941,0.6563243529098364
2019-10-29 11:06:00+00:00,0.0258,0.0,1,0.1315525472164154,0.0
2019-10-29 18:28:00+00:00,0.4019,0.0,1,-0.06894923746585846,0.0
2019-10-29 18:34:00+00:00,-0.624,0.0,1,-0.9491278529167175,0.0
2019-10-29 18:47:00+00:00,-0.6242,0.0,1,0.011190775781869888,0.0
2019-10-29 19:42:00+00:00,-0.8622,0.0,1,-0.8669087886810303,0.0
2019-10-30 00:00:00+00:00,0.020035294117647054,0.4451503273383181,51,-0.1672025597562977,0.6734204819598354
2019-10-30 18:44:00+00:00,-0.6369,0.0,1,-0.04699758440256119,0.0
2019-10-30 19:45:00+00:00,-0.6705,0.0,1,-0.3163386583328247,0.0
2019-10-31 00:00:00+00:00,0.11540491803278688,0.5069433648269562,61,-0.21569010853523113,0.6789358743085684
2019-10-31 19:12:00+00:00,0.36769999999999997,0.6291836138997899,2,0.4924900680780411,0.32108773640560484
2019-11-01 00:00:00+00:00,0.13933500000000001,0.45747339255680863,40,-0.01002923185005784,0.6818027565254445
2019-11-01 13:12:00+00:00,0.8689,0.0,1,0.6903498768806458,0.0
2019-11-01 14:07:00+00:00,0.2732,0.0,1,-0.11498735845088959,0.0
2019-11-01 18:36:00+00:00,-0.2748,0.0,1,-0.14908745884895325,0.0
2019-11-01 19:17:00+00:00,-0.4939,0.0,1,0.07716235518455505,0.0
2019-11-01 19:37:00+00:00,0.5106,0.0,1,-0.5994045734405518,0.0
2019-11-02 00:00:00+00:00,0.6332,0.12855201281971432,2,0.1537511646747589,1.0718112585182882
2019-11-03 00:00:00+00:00,0.05616363636363637,0.42032350414713676,22,-0.14734873361885548,0.49340994680287936
2019-11-04 00:00:00+00:00,-0.0014382978723404196,0.4841192826212724,47,-0.2854968056161987,0.6622900026866161
2019-11-04 18:12:00+00:00,-0.8176,0.0,1,-0.4338423013687134,0.0
2019-11-04 18:36:00+00:00,-0.802,0.0,1,-0.9575166702270508,0.0
2019-11-04 18:58:00+00:00,0.6249,0.0,1,-0.6752111315727234,0.0
2019-11-04 19:48:00+00:00,-0.4423,0.0,1,-0.031834039837121964,0.0
2019-11-05 00:00:00+00:00,0.10503333333333334,0.5340791045029443,51,-0.22498370999214695,0.636862554088951
2019-11-05 19:06:00+00:00,0.5559,0.0,1,-0.0740419253706932,0.0
2019-11-05 19:16:00+00:00,-0.8176,0.0,1,-0.7244436740875244,0.0
2019-11-05 19:22:00+00:00,-0.6124,0.0,1,0.01309804618358612,0.0
2019-11-05 19:55:00+00:00,0.128,0.0,1,-0.6975312829017639,0.0
2019-11-06 00:00:00+00:00,-0.08840624999999998,0.5143544416666721,48,-0.3313061356699715,0.620650308136827
2019-11-06 18:27:00+00:00,-0.875,0.0,1,-0.8381979465484619,0.0
2019-11-06 18:36:00+00:00,0.1189,0.0,1,0.5897431969642639,0.0
2019-11-06 18:49:00+00:00,-0.2732,0.0,1,-0.02871687337756157,0.0
2019-11-06 19:50:00+00:00,-0.4588,0.0,1,-0.07506630569696426,0.0
2019-11-06 20:01:00+00:00,-0.7506,0.0,1,-0.2844642102718353,0.0
2019-11-07 00:00:00+00:00,0.1966,0.5114788111796169,50,-0.08347067203372717,0.6944517620766929
2019-11-07 18:33:00+00:00,0.5574,0.0,1,0.5177398324012756,0.0
2019-11-07 18:50:00+00:00,-0.296,0.0,1,0.014964647591114044,0.0
2019-11-08 00:00:00+00:00,-0.0002774193548387078,0.5127640677151479,31,-0.15307526969380916,0.7170523522673223
2019-11-08 15:26:00+00:00,0.0,0.0,1,0.5007173418998718,0.0
2019-11-08 16:22:00+00:00,0.4019,0.0,1,0.8745920062065125,0.0
2019-11-08 18:53:00+00:00,0.024899999999999995,0.3377302325821602,3,0.23037966899573803,0.3879728866539779
2019-11-08 19:22:00+00:00,-0.7506,0.0,1,-0.0028576813638210297,0.0
2019-11-09 00:00:00+00:00,-0.26483333333333337,0.719987363315033,3,0.16641012827555338,0.3066738077305692
2019-11-10 00:00:00+00:00,-0.062245454545454555,0.4233226189802049,22,-0.13433490236374465,0.44567030446522155
2019-11-10 17:00:00+00:00,0.0,0.0,1,0.6919988393783569,0.0
2019-11-11 00:00:00+00:00,-0.022411764705882353,0.4159459920978275,34,-0.15865871014402194,0.5807099241470387
2019-11-11 18:48:00+00:00,-0.6249,0.0,1,-0.0053264182060956955,0.0
2019-11-11 18:50:00+00:00,0.2023,0.0,1,0.8242583870887756,0.0
2019-11-11 19:00:00+00:00,-0.89,0.0,1,-0.545236349105835,0.0
2019-11-12 00:00:00+00:00,-0.03993783783783784,0.456331775229475,37,-0.21318430488778128,0.6356541413794619
2019-11-12 18:41:00+00:00,0.2282,0.0,1,0.9089177250862122,0.0
2019-11-12 20:42:00+00:00,0.4939,0.0,1,0.8217090368270874,0.0
2019-11-13 00:00:00+00:00,-0.044782608695652176,0.45864960981092107,46,-0.2503356223359056,0.59655487260076
2019-11-13 11:01:00+00:00,-0.6486,0.0,1,-0.24037300050258636,0.0
2019-11-13 16:40:00+00:00,-0.4019,0.0,1,-0.033768847584724426,0.0
2019-11-13 18:48:00+00:00,0.4804,0.0,1,0.31614676117897034,0.0
2019-11-13 19:07:00+00:00,-0.2003,0.0,1,0.007790924981236458,0.0
2019-11-14 00:00:00+00:00,-0.007150000000000007,0.4814947304840116,32,-0.22388157912064344,0.6345812137858726
2019-11-14 16:34:00+00:00,0.0516,0.0,1,0.6334816217422485,0.0
2019-11-14 16:45:00+00:00,0.5267,0.0,1,-0.17812171578407288,0.0
2019-11-14 18:44:00+00:00,0.5267,0.0,1,0.585528552532196,0.0
2019-11-14 19:02:00+00:00,-0.128,0.0,1,0.008500451222062111,0.0
2019-11-14 19:33:00+00:00,-0.7964,0.0,1,-0.4652526080608368,0.0
2019-11-15 00:00:00+00:00,0.02749142857142857,0.4745153759186242,35,-0.3114230956350054,0.6188818839375558
2019-11-15 18:39:00+00:00,0.4767,0.0,1,0.02556084841489792,0.0
2019-11-15 19:50:00+00:00,-0.7964,0.0,1,-0.015249822288751602,0.0
2019-11-15 19:53:00+00:00,0.4845,0.0,1,0.012864990159869194,0.0
2019-11-16 00:00:00+00:00,0.1779,0.0,1,0.3262495696544647,0.0
2019-11-17 00:00:00+00:00,0.07192222222222222,0.35912228550691816,18,-0.232009364085065,0.5247733911475272
2019-11-18 00:00:00+00:00,0.0016478260869565212,0.5048123456577726,46,-0.21940208781186654,0.6994210881799379
2019-11-19 00:00:00+00:00,0.011115000000000003,0.5141247431938114,40,-0.1392190563492477,0.6670494231449733
2019-11-19 18:35:00+00:00,0.5574,0.0,1,0.16070598363876343,0.0
2019-11-20 00:00:00+00:00,0.01304915254237288,0.44569269773941217,59,-0.14579673603934756,0.6355107100377813
2019-11-20 18:52:00+00:00,0.2732,0.0,1,0.030139775946736336,0.0
2019-11-21 00:00:00+00:00,0.07186923076923077,0.43794985843361595,39,-0.045842586610561765,0.659559322381461
2019-11-22 00:00:00+00:00,-0.0679325,0.41748973295375164,40,-0.2883326751179993,0.6233541831069315
2019-11-22 15:35:00+00:00,0.0,0.0,1,-0.2311009168624878,0.0
2019-11-22 18:23:00+00:00,-0.4939,0.0,1,-0.0670466274023056,0.0
2019-11-22 18:50:00+00:00,0.0352,0.0,1,-0.0076089948415756226,0.0
2019-11-23 00:00:00+00:00,-0.8176,0.0,1,-0.830132782459259,0.0
2019-11-24 00:00:00+00:00,0.025523809523809525,0.44459429585270427,21,-0.029969804432420505,0.5218486118195185
2019-11-25 00:00:00+00:00,0.1836025,0.4640283813642636,40,0.04533854150213301,0.6401940628522127
2019-11-25 07:02:00+00:00,-0.1027,0.0,1,-0.9516875147819519,0.0
2019-11-25 11:41:00+00:00,-0.4939,0.0,1,-0.41916993260383606,0.0
2019-11-25 18:11:00+00:00,-0.4939,0.0,1,-0.09694837778806686,0.0
2019-11-25 18:58:00+00:00,0.4276,0.0,1,0.8236217498779297,0.0
2019-11-25 19:01:00+00:00,-0.7964,0.0,1,-0.946478545665741,0.0
2019-11-25 20:26:00+00:00,-0.6369,0.0,1,0.019731897860765457,0.0
2019-11-25 23:05:00+00:00,0.8934,0.0,1,0.929328441619873,0.0
2019-11-26 00:00:00+00:00,-0.10284838709677419,0.44714125126255705,31,-0.08453099189266082,0.6799685504666286
2019-11-26 18:48:00+00:00,-0.0516,0.0,1,-0.6246083974838257,0.0
2019-11-26 18:52:00+00:00,0.6854,0.0,1,0.9300323128700256,0.0
2019-11-26 19:24:00+00:00,-0.7506,0.0,1,0.05156330019235611,0.0
2019-11-27 00:00:00+00:00,0.39735333333333334,0.5565801044473891,15,0.2581642652551333,0.6795651248154123
2019-11-27 18:14:00+00:00,0.624,0.0,1,0.05391167849302292,0.0
2019-11-27 18:54:00+00:00,0.6315,0.0,1,-0.05403204634785652,0.0
2019-11-27 18:55:00+00:00,-0.1531,0.0,1,-0.08192729949951172,0.0
2019-11-28 00:00:00+00:00,-0.042434782608695654,0.3654947430644242,46,-0.2242005870718023,0.6044911132554507
2019-11-29 00:00:00+00:00,-0.08784137931034482,0.43293055325408336,29,-0.10320732614089703,0.5750909171619314
2019-11-30 00:00:00+00:00,0.16733333333333333,0.7840054230254617,3,0.04624306162198385,0.7684747617519474
2019-12-01 00:00:00+00:00,0.02949444444444444,0.49254149717349555,18,0.12926169143368801,0.6118840022425119
2019-12-02 00:00:00+00:00,-0.02285333333333333,0.4899853880533042,30,-0.2964891488353411,0.6174125232161652
2019-12-02 18:34:00+00:00,-0.8271,0.0,1,-0.7236495018005371,0.0
2019-12-02 18:35:00+00:00,-0.8072,0.0,1,0.00666499137878418,0.0
2019-12-02 18:48:00+00:00,-0.4404,0.0,1,0.025266099721193314,0.0
2019-12-02 18:58:00+00:00,-0.34,0.0,1,-0.6151173114776611,0.0
2019-12-02 19:17:00+00:00,-0.6637,0.0,1,-0.12687689065933228,0.0
2019-12-03 00:00:00+00:00,-0.09556,0.4524960735138533,45,-0.2910924625893434,0.5585310678215983
2019-12-03 18:11:00+00:00,-0.5346,0.0,1,-0.5464733242988586,0.0
2019-12-03 19:03:00+00:00,-0.2023,0.0,1,-0.0032349340617656708,0.0
2019-12-04 00:00:00+00:00,-0.05566874999999999,0.5129864982424316,32,-0.2646171742817387,0.6742294331663743
2019-12-04 18:36:00+00:00,0.1027,0.0,1,0.043540000915527344,0.0
2019-12-04 18:47:00+00:00,0.34,0.0,1,0.43593189120292664,0.0
2019-12-04 18:59:00+00:00,-0.2023,0.0,1,-0.0841047465801239,0.0
2019-12-04 19:31:00+00:00,-0.296,0.0,1,0.5003113746643066,0.0
2019-12-04 19:47:00+00:00,-0.7506,0.0,1,-0.28967079520225525,0.0
2019-12-05 00:00:00+00:00,-0.0956375,0.5018038996958871,24,-0.23555312352254987,0.7274609817978984
2019-12-05 18:47:00+00:00,-0.2023,0.0,1,0.0011140909045934677,0.0
2019-12-06 00:00:00+00:00,0.17510333333333333,0.5060333888965834,30,0.07442297227680683,0.6606240471306595
2019-12-06 18:46:00+00:00,0.22869999999999996,0.609526045382804,2,0.022499005310237408,0.0541947898926253
2019-12-06 18:51:00+00:00,0.7178,0.0,1,0.9126344919204712,0.0
2019-12-06 19:14:00+00:00,-0.5719,0.0,1,-0.09010114520788193,0.0
2019-12-07 00:00:00+00:00,0.41453333333333325,0.40609064669520933,3,0.021685361862182617,0.8272368544964744
2019-12-08 00:00:00+00:00,0.0809842105263158,0.43881904048525244,19,-0.08959006390681393,0.649987510166068
2019-12-09 00:00:00+00:00,-0.12680333333333332,0.4521784401236349,30,-0.4042149084309737,0.5899747258291794
2019-12-09 19:05:00+00:00,-0.2023,0.0,1,-0.014326294884085655,0.0
2019-12-09 19:11:00+00:00,-0.8467,0.0,1,-0.953300416469574,0.0
2019-12-09 19:49:00+00:00,-0.7964,0.0,1,-0.031090348958969116,0.0
2019-12-09 19:51:00+00:00,-0.4404,0.0,1,0.03013925999403,0.0
2019-12-10 00:00:00+00:00,-0.018936363636363633,0.5286606455769317,44,-0.4344947268255055,0.5832320432819638
2019-12-10 18:58:00+00:00,-0.6124,0.0,1,-0.0635797530412674,0.0
2019-12-11 00:00:00+00:00,0.05586363636363636,0.391280093745342,33,-0.0773718674300295,0.630285656105969
2019-12-11 15:00:00+00:00,0.5574,0.0,1,0.2305595427751541,0.0
2019-12-11 18:37:00+00:00,0.4019,0.0,1,0.35269469022750854,0.0
2019-12-11 18:50:00+00:00,-0.2023,0.0,1,0.011350484564900398,0.0
2019-12-11 19:49:00+00:00,-0.7506,0.0,1,0.08488388359546661,0.0
2019-12-11 23:31:00+00:00,0.5719,0.0,1,0.2758004367351532,0.0
2019-12-12 00:00:00+00:00,0.02912857142857143,0.49420221707200485,42,-0.09457773063331842,0.6347664331483456
2019-12-12 09:23:00+00:00,0.296,0.0,1,0.01199674978852272,0.0
2019-12-12 10:19:00+00:00,0.4767,0.0,1,0.9020969271659851,0.0
2019-12-12 18:46:00+00:00,-0.2023,0.0,1,-0.012987794354557991,0.0
2019-12-12 18:54:00+00:00,0.703,0.0,1,0.01392960175871849,0.0
2019-12-12 18:58:00+00:00,0.0,0.0,1,0.4542967975139618,0.0
2019-12-12 19:23:00+00:00,-0.3818,0.0,1,-0.11673760414123535,0.0
2019-12-13 00:00:00+00:00,0.05405428571428571,0.43908686487705706,35,-0.15068985862391335,0.6346232725989013
2019-12-13 06:56:00+00:00,0.2516,0.0,1,-0.15660196542739868,0.0
2019-12-13 18:31:00+00:00,-0.0772,0.0,1,0.14724339544773102,0.0
2019-12-13 18:46:00+00:00,-0.4019,0.0,1,-0.02124684303998947,0.0
2019-12-14 00:00:00+00:00,0.07491785714285715,0.43389579142630585,28,-0.04270867770537734,0.6586589179455012
2019-12-15 00:00:00+00:00,0.112725,0.5387205544930816,4,-0.09040579199790955,0.8388138592917301
2019-12-16 00:00:00+00:00,0.1373818181818182,0.5201023447688838,33,0.02299966685699694,0.65654982201819
2019-12-16 18:25:00+00:00,-0.872,0.0,1,-0.7724467515945435,0.0
2019-12-16 19:21:00+00:00,0.5267,0.0,1,0.6140995621681213,0.0
2019-12-17 00:00:00+00:00,0.1085,0.4625191081291835,27,-0.166471138458561,0.7142137428678033
2019-12-17 18:31:00+00:00,0.5994,0.0,1,0.22305074334144592,0.0
2019-12-17 18:34:00+00:00,-0.5423,0.0,1,-0.36043286323547363,0.0
2019-12-17 19:15:00+00:00,-0.2023,0.0,1,-0.011141080409288406,0.0
2019-12-18 00:00:00+00:00,0.09812571428571429,0.5450527650349725,35,-0.3725770261138678,0.6027904881050172
2019-12-18 07:47:00+00:00,0.0,0.0,1,-0.6895483136177063,0.0
2019-12-18 11:57:00+00:00,0.4767,0.0,1,-0.10141654312610626,0.0
2019-12-18 18:58:00+00:00,0.4588,0.0,1,0.021701136603951454,0.0
2019-12-18 19:20:00+00:00,-0.9118,0.0,1,-0.3534679412841797,0.0
2019-12-18 19:22:00+00:00,-0.7184,0.0,1,-0.10841044783592224,0.0
2019-12-18 19:36:00+00:00,0.0754,0.0,1,0.05977615714073181,0.0
2019-12-18 19:50:00+00:00,-0.8316,0.0,1,-0.0460522398352623,0.0
2019-12-18 20:05:00+00:00,-0.793,0.0,1,-0.14503192901611328,0.0
2019-12-19 00:00:00+00:00,0.0629,0.41664271744505516,31,-0.14446081617666828,0.6211065451327985
2019-12-19 18:46:00+00:00,-0.2023,0.0,1,0.003682754933834076,0.0
2019-12-19 18:50:00+00:00,-0.23235,0.5096118572011448,2,0.026479066349565983,0.07200896410841047
2019-12-20 00:00:00+00:00,-0.11461785714285713,0.5672420477894982,28,-0.3305137712242348,0.7133567999092939
2019-12-20 19:03:00+00:00,-0.296,0.0,1,-0.0030256062746047974,0.0
2019-12-21 00:00:00+00:00,-0.42775,0.6049298513050914,2,-0.8515886962413788,0.12560203398155786
2019-12-22 00:00:00+00:00,0.14745882352941178,0.4474590289328504,17,-0.06249086536905345,0.5167548585636036
2019-12-23 00:00:00+00:00,0.08324347826086957,0.49327812625525697,23,-0.24204837271700735,0.6222682355923834
2019-12-23 18:41:00+00:00,-0.7882,0.0,1,-0.16070003807544708,0.0
2019-12-23 18:51:00+00:00,-0.1779,0.0,1,-0.8601130843162537,0.0
2019-12-23 18:55:00+00:00,0.7193,0.0,1,0.08488227427005768,0.0
2019-12-24 00:00:00+00:00,0.5050833333333333,0.6057104206356918,6,-0.23328200013687214,0.8226556405593508
2019-12-25 00:00:00+00:00,0.4019,0.0,1,0.7571219205856323,0.0
2019-12-25 11:35:00+00:00,-0.1783,0.0,1,0.042360298335552216,0.0
2019-12-26 00:00:00+00:00,0.06458636363636362,0.5374350594616323,22,0.03445042856037617,0.7030835848854537
2019-12-26 18:59:00+00:00,0.128,0.0,1,-0.155216246843338,0.0
2019-12-26 19:00:00+00:00,0.0,0.0,1,-0.015461787581443787,0.0
2019-12-27 00:00:00+00:00,-0.1280857142857143,0.49887718404623876,7,-0.5623076600687844,0.5903603820732312
2019-12-27 20:05:00+00:00,0.296,0.0,1,-0.05513433367013931,0.0
2019-12-27 20:08:00+00:00,0.0,0.0,1,0.02292006090283394,0.0
2019-12-27 20:10:00+00:00,0.6705,0.0,1,0.07493770867586136,0.0
2019-12-28 00:00:00+00:00,-0.020985714285714285,0.3208015419004627,21,-0.24501530453562737,0.4695267960292105
2019-12-29 00:00:00+00:00,0.5994,0.0,1,0.9102349281311035,0.0
2019-12-30 00:00:00+00:00,0.033778260869565216,0.4743876559758828,23,-0.09624829110891922,0.5628154199186629
2019-12-30 07:27:00+00:00,-0.2732,0.0,1,-0.9057292938232422,0.0
2019-12-30 18:47:00+00:00,-0.2553,0.36104872247385117,2,-0.20355453342199326,0.24884250628406543
2019-12-30 19:11:00+00:00,0.2263,0.0,1,-0.045581914484500885,0.0
2019-12-31 00:00:00+00:00,-0.026622580645161292,0.3800042146342392,31,-0.18267980175873927,0.47807589676357176
2019-12-31 18:28:00+00:00,0.2294,0.324420591208388,2,0.04061982035636902,0.03806247117868818
2019-12-31 18:51:00+00:00,0.8834,0.0,1,0.020804421976208687,0.0
2019-12-31 19:01:00+00:00,0.0258,0.0,1,0.05531668663024902,0.0
2020-01-01 00:00:00+00:00,-0.0011500000000000121,0.5377006199240119,4,-0.5736808404326439,0.30499934021334074
2020-01-02 00:00:00+00:00,0.011883333333333329,0.49304351076324604,30,-0.03716098964214325,0.6849816968731456
2020-01-02 18:34:00+00:00,-0.2897,0.4096976690194857,2,0.005111687816679478,0.027705463993392018
2020-01-02 18:35:00+00:00,0.3818,0.0,1,0.008259756490588188,0.0
2020-01-03 00:00:00+00:00,-0.06292083333333334,0.4558331683556917,24,-0.39318579249083996,0.5624981290641103
2020-01-03 18:22:00+00:00,-0.6369,0.0,1,0.8697600960731506,0.0
2020-01-03 18:34:00+00:00,0.6369,0.0,1,0.16062086820602417,0.0
2020-01-03 18:51:00+00:00,0.3818,0.0,1,-0.8940390348434448,0.0
2020-01-03 20:53:00+00:00,-0.8481,0.0,1,-0.014961985871195793,0.0
2020-01-04 00:00:00+00:00,0.15810000000000002,0.5300519156963149,4,-0.5490017160773277,0.3099697056564213
2020-01-05 00:00:00+00:00,-0.20001000000000002,0.37245321839760875,20,-0.3740896010771394,0.6572305856654425
2020-01-06 00:00:00+00:00,-0.06614814814814815,0.4190398983852808,27,-0.119683135162901,0.5734398354772388
2020-01-06 14:49:00+00:00,-0.6597,0.0,1,-0.6349413990974426,0.0
2020-01-06 18:34:00+00:00,0.2023,0.0,1,0.3132026791572571,0.0
2020-01-06 18:37:00+00:00,-0.3468,0.0,1,-0.026024609804153442,0.0
2020-01-06 18:50:00+00:00,-0.2023,0.0,1,-0.012370357289910316,0.0
2020-01-06 19:24:00+00:00,0.5719,0.0,1,0.6527115702629089,0.0
2020-01-06 20:16:00+00:00,-0.8442,0.0,1,0.07147999852895737,0.0
2020-01-07 00:00:00+00:00,-0.16332972972972976,0.49156058226431865,37,-0.29251496181697456,0.6599424019025917
2020-01-07 19:04:00+00:00,0.5118,0.0,1,-0.728020429611206,0.0
2020-01-07 19:28:00+00:00,-0.6022,0.0,1,0.09224763512611389,0.0
2020-01-08 00:00:00+00:00,-0.005250000000000003,0.5845701080419834,38,-0.2666026520003614,0.6993099139288979
2020-01-08 15:05:00+00:00,0.5358,0.0,1,0.2519533038139343,0.0
2020-01-08 18:38:00+00:00,-0.5423,0.0,1,0.9132640957832336,0.0
2020-01-08 18:44:00+00:00,0.0,0.0,1,0.8334518671035767,0.0
2020-01-08 18:54:00+00:00,0.2263,0.0,1,0.05655103921890259,0.0
2020-01-09 00:00:00+00:00,0.07583148148148149,0.4420003734413491,54,0.0012074390219317542,0.6118680833318277
2020-01-09 08:28:00+00:00,-0.4019,0.0,1,0.9021797776222229,0.0
2020-01-09 18:34:00+00:00,-0.25,0.0,1,-0.028409600257873535,0.0
2020-01-09 18:45:00+00:00,0.028450000000000003,0.21135421689665906,2,-0.029148787260055542,1.053750912462885
2020-01-09 18:57:00+00:00,0.3818,0.0,1,0.045551955699920654,0.0
2020-01-09 19:48:00+00:00,-0.128,0.0,1,0.7782213091850281,0.0
2020-01-10 00:00:00+00:00,-0.06907027027027027,0.5702527104835311,37,-0.3520946129149682,0.602451673462723
2020-01-10 18:50:00+00:00,0.0516,0.0,1,0.03251682594418526,0.0
2020-01-10 19:37:00+00:00,-0.4939,0.0,1,-0.11410658806562424,0.0
2020-01-11 00:00:00+00:00,0.023819999999999997,0.38828793955002,10,-0.1465619310736656,0.7213234755350901
2020-01-12 00:00:00+00:00,0.443,0.6264966081312812,2,0.1572427749633789,0.5851649902639182
2020-01-13 00:00:00+00:00,-0.204155,0.44361605907408386,20,-0.3780673075467348,0.5383577104764937
2020-01-13 18:09:00+00:00,-0.8338,0.0,1,-0.5023285150527954,0.0
2020-01-13 18:56:00+00:00,0.3875,0.0,1,-0.21147474646568298,0.0
2020-01-13 19:01:00+00:00,-0.5302,0.0,1,-0.8077527284622192,0.0
2020-01-13 19:10:00+00:00,-0.4939,0.0,1,0.46009230613708496,0.0
2020-01-13 19:36:00+00:00,-0.4404,0.0,1,-0.48602744936943054,0.0
2020-01-14 00:00:00+00:00,0.013454000000000004,0.45031652233711766,50,-0.13226106964051723,0.5892669305157568
2020-01-14 18:54:00+00:00,-0.8099,0.0,1,0.004102930426597595,0.0
2020-01-14 18:58:00+00:00,0.1779,0.0,1,0.9252279996871948,0.0
2020-01-14 19:01:00+00:00,0.3455,0.0,1,0.26814764738082886,0.0
2020-01-14 20:17:00+00:00,-0.6369,0.0,1,-0.02181938663125038,0.0
2020-01-15 00:00:00+00:00,-0.004291891891891894,0.4911422171147909,37,-0.021818913871774804,0.6601719929413274
2020-01-15 18:58:00+00:00,-0.7184,0.0,1,-0.1430525779724121,0.0
2020-01-16 00:00:00+00:00,0.029805000000000005,0.4712857160239477,40,-0.07583287432789802,0.5987834119234561
2020-01-16 19:07:00+00:00,-0.5859,0.0,1,-0.0174739807844162,0.0
2020-01-16 19:21:00+00:00,-0.6824,0.0,1,0.1368098258972168,0.0
2020-01-17 00:00:00+00:00,0.025187500000000005,0.5007507491176978,32,0.011070832144469023,0.7598459502642632
2020-01-17 18:52:00+00:00,0.0,0.0,1,0.0024001747369766235,0.0
2020-01-17 18:59:00+00:00,0.6357333333333334,0.18569330449247048,3,0.01530603381494681,0.019291076248024706
2020-01-18 00:00:00+00:00,-0.08639473684210527,0.3363803526328892,19,-0.17531525441690496,0.5458014512108159
2020-01-19 00:00:00+00:00,0.06808947368421052,0.40991828981820927,19,-0.03430534212997085,0.4920535077572635
2020-01-20 00:00:00+00:00,-0.010986956521739132,0.4650295682723723,23,-0.13334556312664694,0.5798117195945681
2020-01-21 00:00:00+00:00,-0.03709387755102041,0.4537772803590634,49,-0.22942309495897925,0.5957090409885357
2020-01-21 19:00:00+00:00,0.0,0.0,1,0.004263579845428467,0.0
2020-01-22 00:00:00+00:00,-0.059185,0.4245429207560792,40,-0.2927056612912565,0.6675757783445316
2020-01-22 11:18:00+00:00,-0.4939,0.0,1,0.12178048491477966,0.0
2020-01-22 18:49:00+00:00,0.0325,0.0,1,0.07002205401659012,0.0
2020-01-22 18:57:00+00:00,0.3875,0.0,1,0.03538062050938606,0.0
2020-01-23 00:00:00+00:00,-0.06526875,0.47037039450224066,32,-0.262148161244113,0.6131070668363692
2020-01-23 18:50:00+00:00,0.0,0.0,1,0.390836626291275,0.0
2020-01-23 18:55:00+00:00,-0.0516,0.0,1,-0.003984365612268448,0.0
2020-01-23 19:01:00+00:00,0.6124,0.0,1,0.15323059260845184,0.0
2020-01-24 00:00:00+00:00,-0.005757142857142859,0.44558144571099995,28,-0.08517191858429994,0.6386797965697205
2020-01-24 18:35:00+00:00,0.2577,0.0,1,-0.9016467928886414,0.0
2020-01-25 00:00:00+00:00,-0.26436818181818184,0.397237824154994,22,-0.4439726929095658,0.4671950878320947
2020-01-26 00:00:00+00:00,-0.13362,0.45392967548477625,15,-0.24023146728674571,0.5323731827842458
2020-01-27 00:00:00+00:00,-0.01627333333333333,0.5728665507361911,15,-0.16742302874724072,0.6826549117543899
2020-01-27 19:00:00+00:00,0.4588,0.0,1,0.023675573989748955,0.0
2020-01-28 00:00:00+00:00,0.037922222222222225,0.4521014292713598,36,0.0524440947920084,0.6227652004355279
2020-01-28 16:43:00+00:00,-0.6956,0.0,1,-0.024168729782104492,0.0
2020-01-28 19:01:00+00:00,0.8955,0.0,1,0.14748165011405945,0.0
2020-01-28 19:12:00+00:00,-0.2023,0.0,1,-0.004975322633981705,0.0
2020-01-28 19:24:00+00:00,-0.1206,0.0,1,0.3377135992050171,0.0
2020-01-28 20:11:00+00:00,-0.4404,0.0,1,-0.10032244771718979,0.0
2020-01-29 00:00:00+00:00,0.18492222222222224,0.3966105690624791,36,-0.09038486321353251,0.673134130310115
2020-01-29 19:02:00+00:00,0.10959999999999999,0.4410932101041683,2,0.12171591725200415,0.15487217865249256
2020-01-30 00:00:00+00:00,-0.07781568627450981,0.39255465880437546,51,-0.428340763620594,0.59432560036293
2020-01-30 19:44:00+00:00,0.9081,0.0,1,0.657457709312439,0.0
2020-01-31 00:00:00+00:00,0.057290625000000005,0.538311248472345,32,-0.30331045924685895,0.6240186653786102
2020-01-31 19:17:00+00:00,0.0,0.0,1,-0.012069813907146454,0.0
2020-02-02 00:00:00+00:00,-0.27,0.45702016731576883,4,-0.9313567131757736,0.03667897709813855
2020-02-03 00:00:00+00:00,-0.005518644067796612,0.46588255789399735,59,-0.17591504904173189,0.5796796008266788
2020-02-04 00:00:00+00:00,0.13063809523809522,0.4813431142493967,42,-0.04461966162281377,0.7144002081214387
2020-02-04 19:16:00+00:00,-0.4588,0.0,1,-0.01874721795320511,0.0
2020-02-04 19:23:00+00:00,-0.0516,0.0,1,-0.6646174192428589,0.0
2020-02-04 19:38:00+00:00,0.9367,0.0,1,0.5267752408981323,0.0
2020-02-04 19:43:00+00:00,0.1531,0.0,1,-0.28133514523506165,0.0
2020-02-05 00:00:00+00:00,0.051506249999999996,0.4358818965059376,32,-0.24835064238868654,0.5957010763677669
2020-02-05 18:49:00+00:00,0.1531,0.0,1,-0.004183117300271988,0.0
2020-02-05 19:58:00+00:00,0.0,0.0,1,-0.4165136516094208,0.0
2020-02-06 00:00:00+00:00,-0.0055657894736842115,0.5009980618597218,38,-0.2033483186050465,0.6166392267346611
2020-02-06 10:36:00+00:00,-0.7845,0.0,1,0.13417118787765503,0.0
2020-02-06 18:40:00+00:00,0.2732,0.0,1,0.9300731420516968,0.0
2020-02-06 19:24:00+00:00,-0.2023,0.0,1,0.0059018824249506,0.0
2020-02-07 00:00:00+00:00,0.16731538461538462,0.47415752187069504,39,0.051916571954886116,0.6908650015154155
2020-02-07 18:54:00+00:00,0.4939,0.0,1,0.10992607474327087,0.0
2020-02-07 19:04:00+00:00,-0.6486,0.0,1,-0.019645405933260918,0.0
2020-02-07 19:12:00+00:00,0.1779,0.0,1,0.7300831079483032,0.0
2020-02-08 00:00:00+00:00,0.22973333333333334,0.33210176653148554,3,-0.16733265916506448,0.866145432190131
2020-02-08 11:44:00+00:00,-0.5719,0.0,1,-0.02276073396205902,0.0
2020-02-09 00:00:00+00:00,0.0018066666666666676,0.4571337901481776,15,-0.19901231142381828,0.6439978792278913
2020-02-10 00:00:00+00:00,-0.04768064516129032,0.4055556282594328,31,-0.2514474312624624,0.6765309220589966
2020-02-10 18:35:00+00:00,0.7717,0.0,1,0.9013094305992126,0.0
2020-02-10 18:37:00+00:00,0.6705,0.0,1,-0.015583459287881851,0.0
2020-02-10 18:55:00+00:00,-0.2023,0.0,1,-0.002767398953437805,0.0
2020-02-10 19:47:00+00:00,-0.4019,0.0,1,0.011942658573389053,0.0
2020-02-11 00:00:00+00:00,0.027374193548387098,0.3617127598594792,31,-0.06896691300695942,0.7227846649331465
2020-02-12 00:00:00+00:00,-0.04582571428571429,0.5293104923015453,35,-0.2445471340524299,0.6467198598580861
2020-02-12 18:31:00+00:00,-0.0516,0.0,1,0.24560488760471344,0.0
2020-02-12 18:50:00+00:00,-0.2023,0.0,1,0.009883493185043335,0.0
2020-02-13 00:00:00+00:00,-0.09221666666666667,0.47575910963669293,30,-0.319279308617115,0.6792876232485849
2020-02-13 18:50:00+00:00,-0.2023,0.0,1,0.0057267360389232635,0.0
2020-02-13 18:56:00+00:00,0.0258,0.0,1,-0.043582625687122345,0.0
2020-02-13 20:20:00+00:00,-0.1531,0.0,1,-0.0556824654340744,0.0
2020-02-14 00:00:00+00:00,-0.06417297297297299,0.5351617292664634,37,-0.3603487016784178,0.6071899256074363
2020-02-14 18:54:00+00:00,-0.2023,0.0,1,-0.0048754047602415085,0.0
2020-02-14 19:06:00+00:00,0.0772,0.0,1,0.4892699718475342,0.0
2020-02-14 19:39:00+00:00,-0.5719,0.0,1,-0.05252150446176529,0.0
2020-02-15 00:00:00+00:00,-0.047916666666666684,0.5792483868485666,6,-0.11200555538137753,0.562565898060484
2020-02-15 09:40:00+00:00,0.8119,0.0,1,0.27420592308044434,0.0
2020-02-16 00:00:00+00:00,0.06564736842105263,0.3308152948372334,19,-0.11167053182266261,0.5498159267679712
2020-02-17 00:00:00+00:00,0.024000000000000007,0.45419972178847406,23,-0.11866306383972583,0.6176424148434537
2020-02-18 00:00:00+00:00,-0.0032428571428571424,0.48881389356245036,28,-0.3056736144104174,0.5880031565766773
2020-02-18 18:50:00+00:00,-0.2023,0.0,1,0.00678987056016922,0.0
2020-02-19 00:00:00+00:00,-0.10640740740740741,0.4248974708235514,27,-0.16881130456372542,0.5996627335317436
2020-02-19 18:48:00+00:00,0.7579,0.0,1,0.0454898364841938,0.0
2020-02-19 19:10:00+00:00,0.101,0.0,1,0.933499813079834,0.0
2020-02-20 00:00:00+00:00,0.06925625,0.5174682835457709,32,-0.049795077356975526,0.5953975942523828
2020-02-20 18:56:00+00:00,-0.2023,0.0,1,-0.01134006679058075,0.0
2020-02-21 00:00:00+00:00,0.029986666666666665,0.4781975501321405,15,0.02146170921623707,0.6159151841411252
2020-02-21 18:50:00+00:00,0.6908,0.0,1,-0.006515681743621826,0.0
2020-02-22 00:00:00+00:00,-0.08977999999999998,0.41938326351236965,15,-0.06215537153184414,0.6215165961853109
2020-02-23 00:00:00+00:00,0.45188333333333336,0.4010493007931402,6,0.015683408826589584,0.7562114630604108
2020-02-24 00:00:00+00:00,-0.043946428571428574,0.38447143850201604,28,-0.11757958826742002,0.6553462952195032
2020-02-24 19:10:00+00:00,-0.2023,0.0,1,-0.01229737140238285,0.0
2020-02-25 00:00:00+00:00,-0.15417027027027028,0.4187063621473916,37,-0.2612619892870252,0.5563412702907415
2020-02-25 19:20:00+00:00,-0.624,0.0,1,-0.9527532458305359,0.0
2020-02-25 21:58:00+00:00,0.2023,0.0,1,0.0018657483160495758,0.0
2020-02-26 00:00:00+00:00,0.05930357142857142,0.47569535495683923,28,-0.16203543876430818,0.6319424563598246
2020-02-26 20:00:00+00:00,-0.8051,0.0,1,-0.510871946811676,0.0
2020-02-27 00:00:00+00:00,-0.013259999999999994,0.5241533288436991,30,-0.34374156637738146,0.6120508199352567
2020-02-27 07:05:00+00:00,-0.6779,0.0,1,-0.9249240159988403,0.0
2020-02-28 00:00:00+00:00,0.137596,0.42445878724166686,25,0.005545549392700196,0.5649606343263457
2020-02-28 18:52:00+00:00,-0.2023,0.0,1,-0.00029357150197029114,0.0
2020-02-28 19:23:00+00:00,0.3612,0.0,1,-0.09930555522441864,0.0
2020-02-28 19:24:00+00:00,-0.0772,0.0,1,0.07073638588190079,0.0
2020-02-29 00:00:00+00:00,-0.12641538461538462,0.4656680234640586,13,-0.41880080189842445,0.5207152019438921
2020-03-01 00:00:00+00:00,0.12732352941176472,0.39609923240491735,17,-0.17040069357437246,0.48984870274071723
2020-03-02 00:00:00+00:00,0.02332380952380953,0.4414266132719706,21,-0.07472500471132142,0.5837322490796815
2020-03-02 19:08:00+00:00,0.2173,0.5934040107717506,2,-0.0601408826187253,0.07127758457784486
2020-03-02 19:18:00+00:00,-0.4939,0.0,1,0.006111230701208115,0.0
2020-03-03 00:00:00+00:00,0.0565,0.4074019214485862,26,-0.11822955310344696,0.6264451694573865
2020-03-03 18:51:00+00:00,0.4854,0.0,1,0.08261984586715698,0.0
2020-03-03 18:56:00+00:00,0.1779,0.0,1,0.01100749708712101,0.0
2020-03-03 19:36:00+00:00,-0.926,0.0,1,-0.643213152885437,0.0
2020-03-04 00:00:00+00:00,0.09250869565217391,0.4349596364899783,23,-0.10257620736956596,0.7152209581423905
2020-03-04 19:34:00+00:00,-0.8338,0.0,1,-0.7314993143081665,0.0
2020-03-04 20:48:00+00:00,0.0772,0.0,1,0.03923019766807556,0.0
2020-03-05 00:00:00+00:00,0.03277931034482759,0.4390273383769677,29,-0.32809259087361137,0.5857585331948374
2020-03-05 18:20:00+00:00,-0.4939,0.0,1,0.012592203915119171,0.0
2020-03-06 00:00:00+00:00,0.15973500000000002,0.4261586834119052,20,-0.14286684691905976,0.6682984184210401
2020-03-06 19:13:00+00:00,0.081,0.0,1,0.06965035200119019,0.0
2020-03-06 19:31:00+00:00,-0.0964,0.0,1,0.06311818212270737,0.0
2020-03-08 00:00:00+00:00,-0.00911666666666667,0.20525216789169956,12,-0.2936669373884797,0.4348346300122982
2020-03-09 00:00:00+00:00,-0.117825,0.3542931537805797,20,-0.27613781318068503,0.6477657584927973
2020-03-09 19:23:00+00:00,0.619,0.0,1,-0.10101298987865448,0.0
2020-03-09 19:56:00+00:00,0.2023,0.0,1,-0.020968053489923477,0.0
2020-03-10 00:00:00+00:00,-0.0873551724137931,0.5032259131885335,29,-0.20079737516312762,0.670247384862197
2020-03-10 08:41:00+00:00,-0.1779,0.0,1,-0.04233786463737488,0.0
2020-03-10 16:43:00+00:00,0.7351,0.0,1,0.004507198929786682,0.0
2020-03-10 17:12:00+00:00,-0.468,0.0,1,-0.8736189603805542,0.0
2020-03-10 19:30:00+00:00,0.4767,0.0,1,-0.002810046076774597,0.0
2020-03-11 00:00:00+00:00,-0.01310333333333334,0.39293009335550744,30,-0.2898795091857513,0.6252981835403665
2020-03-11 10:07:00+00:00,-0.4215,0.0,1,-0.11826807260513306,0.0
2020-03-11 18:54:00+00:00,-0.5574,0.0,1,0.012173516675829887,0.0
2020-03-12 00:00:00+00:00,0.17741176470588235,0.48335131747305826,17,-0.29600702138508067,0.5515073096729944
2020-03-12 15:18:00+00:00,0.4939,0.0,1,0.45478370785713196,0.0
2020-03-12 20:51:00+00:00,-0.6908,0.0,1,0.7176349759101868,0.0
2020-03-13 00:00:00+00:00,-0.13496428571428573,0.5088438004356133,14,-0.4316555639462812,0.581386372885209
2020-03-13 07:45:00+00:00,-0.6249,0.0,1,0.3387818932533264,0.0
2020-03-14 00:00:00+00:00,-0.21075,0.29804550827012977,2,-0.4735826961696148,0.6569017766100904
2020-03-14 09:01:00+00:00,0.2263,0.0,1,0.17014893889427185,0.0
2020-03-15 00:00:00+00:00,-0.07769090909090909,0.25751042485517145,11,-0.4468724852935834,0.5491005785752362
2020-03-15 21:56:00+00:00,0.0772,0.0,1,-0.9600249528884888,0.0
2020-03-16 00:00:00+00:00,-0.07200857142857142,0.40512642643372204,35,-0.38442761291350636,0.540778540401117
2020-03-16 19:19:00+00:00,-0.5574,0.0,1,0.003071742132306099,0.0
2020-03-16 19:20:00+00:00,-0.4404,0.0,1,-0.21098832786083221,0.0
2020-03-17 00:00:00+00:00,-0.23459354838709678,0.4366800124694541,31,-0.5731775479451302,0.5351229810959448
2020-03-17 20:23:00+00:00,0.1082,0.0,1,-0.004652794450521469,0.0
2020-03-18 00:00:00+00:00,-0.06926315789473685,0.4022418995946017,19,-0.22180333929626564,0.6508377927132585
2020-03-18 20:08:00+00:00,-0.2023,0.0,1,0.000927317887544632,0.0
2020-03-19 00:00:00+00:00,-0.02835185185185185,0.47364469917241875,27,-0.20154131562621505,0.6308654432384917
2020-03-19 19:10:00+00:00,0.0772,0.0,1,0.030334122478961945,0.0
2020-03-19 19:18:00+00:00,0.1779,0.0,1,-0.014372095465660095,0.0
2020-03-20 00:00:00+00:00,0.14375384615384615,0.3878306258651763,13,-0.1220567707832043,0.7572107212228844
2020-03-20 20:11:00+00:00,-0.2023,0.0,1,0.003301294520497322,0.0
2020-03-21 00:00:00+00:00,-0.2254666666666667,0.5436218937214847,3,-0.7619672417640686,0.2556343228995474
2020-03-22 00:00:00+00:00,0.10742499999999999,0.3944043290491716,12,-0.07265108389159043,0.49981203150382747
2020-03-23 00:00:00+00:00,-0.03350689655172414,0.4139438367106569,29,-0.3087161509641286,0.6164722747512534
2020-03-23 04:58:00+00:00,0.0,0.0,1,-0.9536411762237549,0.0
2020-03-23 13:34:00+00:00,0.0,0.0,1,-0.007139716297388077,0.0
2020-03-24 00:00:00+00:00,-0.014976923076923072,0.3455636944516552,13,0.015708273993088648,0.6748071590576348
2020-03-24 03:42:00+00:00,-0.8357,0.0,1,-0.9474206566810608,0.0
2020-03-24 19:44:00+00:00,-0.4404,0.0,1,-0.41942349076271057,0.0
2020-03-24 20:26:00+00:00,-0.2023,0.0,1,-0.002043614163994789,0.0
2020-03-25 00:00:00+00:00,0.05390322580645162,0.41221357852766155,31,-0.19604401038058342,0.6168280090828322
2020-03-26 00:00:00+00:00,-0.016333333333333335,0.48381640051962344,18,-0.22474472959422404,0.6411016672911276
2020-03-26 10:49:00+00:00,0.9648,0.0,1,0.7823823094367981,0.0
2020-03-26 18:41:00+00:00,0.0387,0.0,1,0.8797014355659485,0.0
2020-03-27 00:00:00+00:00,0.0184875,0.44258852154362743,24,-0.21697810975213846,0.6489282795126575
2020-03-27 18:55:00+00:00,0.1082,0.0,1,-0.006292186677455902,0.0
2020-03-29 00:00:00+00:00,0.10412222222222221,0.42816593972949835,9,-0.29251260144842994,0.5058617475376415
2020-03-30 00:00:00+00:00,-0.06327222222222223,0.4421924638269624,18,-0.23270133241183227,0.6066239093402375
2020-03-31 00:00:00+00:00,0.008790476190476187,0.40471411132398377,21,-0.14955199084111623,0.6414546272599807
2020-03-31 19:28:00+00:00,0.0,0.0,1,-0.6827917695045471,0.0
2020-03-31 19:39:00+00:00,-0.2023,0.0,1,0.0030562318861484528,0.0
2020-04-01 00:00:00+00:00,-0.18123333333333333,0.5293930975793941,18,-0.2974162752636605,0.5999121086456041
2020-04-01 22:01:00+00:00,0.9371,0.0,1,0.8361178040504456,0.0
2020-04-02 00:00:00+00:00,0.059954166666666676,0.4356316313615824,24,-0.33656222000718117,0.6650328885649104
2020-04-02 18:53:00+00:00,-0.4638,0.0,1,-0.27581924200057983,0.0
2020-04-03 00:00:00+00:00,-0.11786666666666666,0.4762697152524677,33,-0.2843693109285651,0.6137098277744374
2020-04-03 07:40:00+00:00,-0.9359,0.0,1,-0.9280012249946594,0.0
2020-04-03 19:35:00+00:00,-0.9354,0.0,1,-0.8127749562263489,0.0
2020-04-03 19:36:00+00:00,0.6159,0.0,1,0.004904543980956078,0.0
2020-04-05 00:00:00+00:00,-0.20559999999999998,0.4616056665906208,8,-0.5225418745540082,0.45868905633767615
2020-04-06 00:00:00+00:00,-0.14779333333333333,0.43514826942198953,15,-0.8276481886704763,0.22760857508332286
2020-04-06 19:22:00+00:00,-0.2551,0.0,1,-0.004172012209892273,0.0
2020-04-06 20:08:00+00:00,-0.1082,0.0,1,0.6287413239479065,0.0
2020-04-07 00:00:00+00:00,0.14656923076923076,0.41450457855254824,13,-0.059155731820143186,0.6610331206309763
2020-04-07 19:07:00+00:00,-0.8971,0.0,1,-0.04606904089450836,0.0
2020-04-08 00:00:00+00:00,-0.07725714285714284,0.47812826841570566,28,-0.20948530520711625,0.6926533367798158
2020-04-08 07:26:00+00:00,-0.4939,0.0,1,0.3714871108531952,0.0
2020-04-08 20:28:00+00:00,0.1119,0.0,1,0.0007794834673404694,0.0
2020-04-09 00:00:00+00:00,0.021849999999999984,0.44331238638580456,14,-0.2059690851186003,0.6768531443766159
2020-04-09 19:50:00+00:00,-0.4404,0.0,1,-0.0923331081867218,0.0
2020-04-09 20:26:00+00:00,0.2799,0.0,1,0.020145690068602562,0.0
2020-04-10 00:00:00+00:00,-0.36845000000000006,0.20103045789133547,2,-0.7324231863021851,0.179748385291443
2020-04-11 00:00:00+00:00,0.1357142857142857,0.468587481795276,7,-0.059453376701899936,0.6543160249172405
2020-04-13 00:00:00+00:00,0.07182307692307692,0.3117635833818262,13,-0.39403328801003784,0.44331891621727
2020-04-13 19:27:00+00:00,0.6582,0.0,1,0.524212658405304,0.0
2020-04-13 19:48:00+00:00,-0.2023,0.0,1,0.01318361610174179,0.0
2020-04-13 22:22:00+00:00,0.8892,0.0,1,0.879959762096405,0.0
2020-04-14 00:00:00+00:00,-0.11743333333333333,0.5152960873585777,18,-0.2937217714885871,0.6820476701055189
2020-04-14 19:03:00+00:00,-0.2023,0.0,1,0.004587989300489426,0.0
2020-04-14 19:05:00+00:00,-0.8201,0.0,1,-0.5156564712524414,0.0
2020-04-15 00:00:00+00:00,-0.23008333333333336,0.4134843666580253,18,-0.4771490873148044,0.6072783944683945
2020-04-15 19:07:00+00:00,0.1531,0.0,1,0.005775587633252144,0.0
2020-04-15 19:42:00+00:00,-0.2023,0.0,1,-0.025207091122865677,0.0
2020-04-16 00:00:00+00:00,0.09782,0.5005666264344837,25,-0.06024421662092209,0.6586194827245732
2020-04-16 19:42:00+00:00,-0.2023,0.0,1,0.002330746501684189,0.0
2020-04-16 19:55:00+00:00,-0.7122,0.0,1,-0.7178542613983154,0.0
2020-04-17 00:00:00+00:00,-0.013658823529411775,0.4917701064252782,17,-0.12002009175279561,0.5943077671789946
2020-04-18 00:00:00+00:00,0.7269,0.0,1,-0.9269394874572754,0.0
2020-04-19 00:00:00+00:00,-0.14977272727272728,0.43317219460835454,11,-0.19463456218892877,0.459619506523604
2020-04-20 00:00:00+00:00,0.1733111111111111,0.4621815277303533,18,-0.04081192364295324,0.6147090600902081
2020-04-20 19:45:00+00:00,-0.2023,0.0,1,0.008758533746004105,0.0
2020-04-21 00:00:00+00:00,-0.13114090909090909,0.5139800808249756,22,-0.19025188972326842,0.7156039780647677
2020-04-21 20:10:00+00:00,0.659,0.0,1,0.15359529852867126,0.0
2020-04-21 21:24:00+00:00,0.1082,0.0,1,0.0031203702092170715,0.0
2020-04-21 23:17:00+00:00,0.0,0.0,1,-0.020430296659469604,0.0
2020-04-22 00:00:00+00:00,-0.09490967741935483,0.4274768760645334,31,-0.2961284107258243,0.6742014224968429
2020-04-22 18:46:00+00:00,0.7184,0.0,1,0.9019492864608765,0.0
2020-04-22 19:48:00+00:00,0.2732,0.0,1,0.011120686307549477,0.0
2020-04-23 00:00:00+00:00,0.04053333333333333,0.47448205586021197,21,-0.3093230512347959,0.5185553388223698
2020-04-24 00:00:00+00:00,-0.03505882352941177,0.3510029434684692,17,-0.4712135778630481,0.4957954841884958
2020-04-24 20:10:00+00:00,-0.2023,0.0,1,0.016585370525717735,0.0
2020-04-25 00:00:00+00:00,0.064,0.09050966799187808,2,-0.5395662188529968,0.1925293328086746
2020-04-26 00:00:00+00:00,0.045057142857142865,0.3732655170123222,7,-0.41344285916004864,0.4122235466322424
2020-04-27 00:00:00+00:00,-0.02630526315789473,0.450429593059885,19,-0.2592235387940156,0.5596198445789743
2020-04-27 19:03:00+00:00,-0.4939,0.0,1,0.02440742403268814,0.0
2020-04-27 21:07:00+00:00,0.0,0.0,1,0.714891254901886,0.0
2020-04-28 00:00:00+00:00,-0.032815,0.5248174422195729,20,-0.21134968101978302,0.5444703065720212
2020-04-28 02:01:00+00:00,0.5994,0.0,1,0.20921221375465393,0.0
2020-04-28 18:44:00+00:00,0.6901,0.0,1,0.04504409432411194,0.0
2020-04-28 19:45:00+00:00,-0.4588,0.0,1,-0.005878031253814697,0.0
2020-04-28 20:21:00+00:00,0.3182,0.0,1,-0.9325876832008362,0.0
2020-04-29 00:00:00+00:00,0.04984166666666666,0.44753516086927264,36,-0.28055884746006793,0.6250559045628385
2020-04-29 19:16:00+00:00,-0.2023,0.0,1,-0.0015763603150844574,0.0
2020-04-29 21:24:00+00:00,-0.4404,0.0,1,-0.3697816729545593,0.0
2020-04-30 00:00:00+00:00,0.04802000000000001,0.515974339019215,20,-0.15998413804918526,0.6344013330658977
2020-04-30 19:12:00+00:00,-0.4588,0.0,1,-0.010307839140295982,0.0
2020-05-01 00:00:00+00:00,-0.023523529411764707,0.4875519697035022,17,-0.401686238234534,0.5884379629726378
2020-05-01 10:54:00+00:00,0.7574,0.0,1,-0.8841021060943604,0.0
2020-05-01 19:01:00+00:00,0.0772,0.0,1,0.8166499137878418,0.0
2020-05-01 19:13:00+00:00,-0.4588,0.0,1,-0.009450498968362808,0.0
2020-05-01 19:15:00+00:00,-0.6486,0.0,1,-0.6316784620285034,0.0
2020-05-02 00:00:00+00:00,-0.1737,0.3158888042755974,7,-0.3458348757454327,0.5838416507755605
2020-05-03 00:00:00+00:00,0.14709999999999998,0.42127588941215227,9,-0.05670404765341017,0.5423706206844807
2020-05-04 00:00:00+00:00,0.026506250000000002,0.3358878611853466,16,-0.44411912746727467,0.6249355984318252
2020-05-04 15:58:00+00:00,-0.5106,0.0,1,-0.07805068045854568,0.0
2020-05-04 18:40:00+00:00,-0.1779,0.0,1,0.1031353548169136,0.0
2020-05-04 20:52:00+00:00,0.6808,0.0,1,0.7577926516532898,0.0
2020-05-05 00:00:00+00:00,-0.12628421052631578,0.3655430743172226,19,-0.5089312743787703,0.46608078483543985
2020-05-05 18:57:00+00:00,-0.4118,0.0,1,-0.5894800424575806,0.0
2020-05-05 19:11:00+00:00,-0.2023,0.0,1,0.002229120582342148,0.0
2020-05-05 20:48:00+00:00,-0.4767,0.0,1,0.7887600660324097,0.0
2020-05-06 00:00:00+00:00,0.009733333333333335,0.43552524556426064,15,-0.23712227642536163,0.6636410239569988
2020-05-06 19:37:00+00:00,-0.743,0.0,1,-0.8875874280929565,0.0
2020-05-06 20:52:00+00:00,0.8225,0.0,1,0.7870973944664001,0.0
2020-05-07 00:00:00+00:00,0.166556,0.41228903300152586,25,-0.15760381266474724,0.5915728080659096
2020-05-07 19:11:00+00:00,-0.128,0.0,1,0.8507903218269348,0.0
2020-05-07 19:56:00+00:00,-0.5799,0.0,1,-0.4719442129135132,0.0
2020-05-08 00:00:00+00:00,0.05750999999999999,0.4299330472967794,20,-0.00195379089564085,0.6468904874904071
2020-05-08 07:02:00+00:00,-0.5222,0.0,1,-0.007225662469863892,0.0
2020-05-09 00:00:00+00:00,0.3715,0.5253803384216048,2,0.3892405033111572,0.7232447251876718
2020-05-09 09:15:00+00:00,-0.0772,0.0,1,-0.8975452184677124,0.0
2020-05-10 00:00:00+00:00,0.14575000000000002,0.4169249881804049,14,-0.09921779696430479,0.583696919037615
2020-05-11 00:00:00+00:00,-0.1914375,0.3841451407562859,16,-0.2639911719597876,0.455654201893086
2020-05-11 15:50:00+00:00,0.101,0.0,1,0.033888254314661026,0.0
2020-05-11 20:24:00+00:00,-0.3658,0.0,1,-0.017538346350193024,0.0
2020-05-12 00:00:00+00:00,-0.09986896551724139,0.44632656214244254,29,-0.4402215701752695,0.47781875496057996
2020-05-12 14:53:00+00:00,0.0516,0.0,1,-0.0005696415901184082,0.0
2020-05-12 19:14:00+00:00,0.4963,0.0,1,-0.0580311045050621,0.0
2020-05-12 19:24:00+00:00,0.0422,0.0,1,0.8483735918998718,0.0
2020-05-12 20:45:00+00:00,-0.9318,0.0,1,-0.8024868369102478,0.0
2020-05-13 00:00:00+00:00,-0.09007777777777778,0.4600143304104847,18,-0.4170153896427817,0.5227076127464917
2020-05-13 15:53:00+00:00,-0.4404,0.0,1,-0.024666551500558853,0.0
2020-05-13 18:55:00+00:00,-0.32135,0.16836212460051697,2,0.27958996035158634,0.39404554066073993
2020-05-14 00:00:00+00:00,0.042718918918918915,0.41399318689901027,37,-0.2869386075416932,0.5658026026649952
2020-05-14 19:13:00+00:00,-0.2023,0.0,1,-0.009597515687346458,0.0
2020-05-14 21:08:00+00:00,0.7178,0.0,1,0.9085781574249268,0.0
2020-05-15 00:00:00+00:00,0.16892000000000001,0.36197231188507856,15,-0.03798615659276645,0.4693443386077306
2020-05-15 07:27:00+00:00,-0.7645,0.0,1,-0.5541524887084961,0.0
2020-05-15 19:24:00+00:00,-0.5574,0.0,1,-0.011965205892920494,0.0
2020-05-16 00:00:00+00:00,0.11596666666666666,0.4898452953059091,3,-0.01951026792327563,0.6676875862293572
2020-05-16 09:45:00+00:00,-0.3956,0.0,1,0.4556609094142914,0.0
2020-05-17 00:00:00+00:00,0.04512857142857142,0.39607532003756196,21,-0.0440425133066518,0.5317578961982456
2020-05-18 00:00:00+00:00,0.13685384615384616,0.5371506998589636,13,0.14964962234863868,0.5600969323166388
2020-05-18 20:33:00+00:00,-0.2648,0.0,1,0.016857897862792015,0.0
2020-05-19 00:00:00+00:00,0.01689411764705883,0.4215728808921932,34,-0.20378288982764764,0.5541454120824243
2020-05-19 19:06:00+00:00,-0.3291,0.0,1,0.015974588692188263,0.0
2020-05-19 20:01:00+00:00,-0.8,0.0,1,-0.7202768921852112,0.0
2020-05-20 00:00:00+00:00,-0.08779615384615386,0.48920285811165837,26,-0.5079761729217492,0.43884991199193424
2020-05-20 18:18:00+00:00,0.743,0.0,1,0.809127688407898,0.0
2020-05-20 18:32:00+00:00,-0.4404,0.0,1,0.12780727446079254,0.0
2020-05-20 19:01:00+00:00,0.4215,0.0,1,0.04331161081790924,0.0
2020-05-21 00:00:00+00:00,0.02883428571428572,0.4336839035538219,35,-0.2315429312842233,0.5937966747292659
2020-05-21 18:50:00+00:00,-0.8559,0.0,1,-0.6629980206489563,0.0
2020-05-21 18:52:00+00:00,-0.2023,0.0,1,-0.002389436587691307,0.0
2020-05-21 19:15:00+00:00,-0.4939,0.0,1,0.02836737036705017,0.0
2020-05-22 00:00:00+00:00,0.009864000000000008,0.4557959273622352,25,-0.4308634874224663,0.6704968610977268
2020-05-24 00:00:00+00:00,-0.04979444444444444,0.3914285247236336,18,-0.04911841514209906,0.5854771807243756
2020-05-25 00:00:00+00:00,-0.061059999999999996,0.4153423627964445,25,-0.16581065595149994,0.6782306328558964
2020-05-26 00:00:00+00:00,-0.07038064516129032,0.36540126930937616,31,-0.16639666511647164,0.6000225756293723
2020-05-26 19:45:00+00:00,-0.2023,0.0,1,0.00028908997774124146,0.0
2020-05-26 20:31:00+00:00,-0.6705,0.0,1,0.07633024454116821,0.0
2020-05-26 20:56:00+00:00,0.0,0.0,1,-0.11780019104480743,0.0
2020-05-27 00:00:00+00:00,0.0290448275862069,0.4099846082356602,29,-0.13381897690224237,0.6730234250798884
2020-05-27 19:07:00+00:00,-0.6705,0.0,1,-0.5286678075790405,0.0
2020-05-27 19:16:00+00:00,-0.5574,0.0,1,0.0021892841905355453,0.0
2020-05-27 20:51:00+00:00,0.4215,0.0,1,0.47207826375961304,0.0
2020-05-28 00:00:00+00:00,-0.11057368421052632,0.4398892665845917,38,-0.4307047030643413,0.5574155159470586
2020-05-29 00:00:00+00:00,0.11933125000000001,0.37500357459407413,16,0.11145335203036666,0.6182092407147922
2020-05-29 11:27:00+00:00,-0.2023,0.0,1,-0.0010286085307598114,0.0
2020-05-29 18:29:00+00:00,-0.2023,0.0,1,0.0002311132848262787,0.0
2020-05-29 18:48:00+00:00,-0.9184,0.0,1,-0.9475764632225037,0.0
2020-05-29 19:05:00+00:00,0.4404,0.0,1,0.012496381998062134,0.0
2020-05-30 00:00:00+00:00,0.06375714285714285,0.3753563613714013,14,-0.2670010384172201,0.5755499139091809
2020-05-31 00:00:00+00:00,-0.0667,0.6331324663923025,7,-0.03983602353504726,0.8548715311710811
2020-06-01 00:00:00+00:00,-0.107475,0.45413135740951505,24,-0.2165816780179739,0.5946363162270941
2020-06-01 21:07:00+00:00,-0.6249,0.0,1,-0.80899977684021,0.0
2020-06-02 00:00:00+00:00,-0.031327586206896546,0.45387406599546004,29,-0.14984534603768382,0.5271640996052775
2020-06-02 10:36:00+00:00,0.6159,0.0,1,0.0011933930218219757,0.0
2020-06-02 15:13:00+00:00,0.024,0.0,1,-0.005461022257804871,0.0
2020-06-02 18:48:00+00:00,0.6597,0.0,1,0.9009284377098083,0.0
2020-06-03 00:00:00+00:00,-0.035164705882352945,0.528414155683277,17,-0.5417211588252994,0.502005312759415
2020-06-03 17:32:00+00:00,0.2732,0.0,1,0.020150354132056236,0.0
2020-06-03 18:42:00+00:00,-0.6486,0.0,1,0.004479795694351196,0.0
2020-06-03 20:21:00+00:00,-0.2023,0.0,1,0.01093326322734356,0.0
2020-06-04 00:00:00+00:00,-0.18614324324324324,0.34688869615846885,37,-0.3642358745674829,0.5721353069914059
2020-06-04 18:55:00+00:00,0.8012,0.0,1,0.7981176376342773,0.0
2020-06-04 19:21:00+00:00,-0.2023,0.0,1,0.02157215029001236,0.0
2020-06-04 20:53:00+00:00,0.0,0.0,1,0.39422082901000977,0.0
2020-06-05 00:00:00+00:00,0.004725000000000002,0.4972426325828214,20,-0.3171056179329753,0.5626915532332329
2020-06-06 00:00:00+00:00,-0.23125294117647058,0.4277834617502865,17,-0.38406334444880486,0.5340602038435456
2020-06-07 00:00:00+00:00,0.2625875,0.6096564265164905,8,-0.23407811764627695,0.5018738988738528
2020-06-08 00:00:00+00:00,0.020474999999999993,0.514329399822467,24,-0.3054769574664533,0.6146431102737119
2020-06-08 22:36:00+00:00,-0.6908,0.0,1,0.06326600909233093,0.0
2020-06-09 00:00:00+00:00,-0.198896,0.43149063091412154,25,-0.37819347232580186,0.6257127094378274
2020-06-09 02:43:00+00:00,-0.4019,0.0,1,0.6627504229545593,0.0
2020-06-09 19:41:00+00:00,-0.8459,0.0,1,-0.3140904903411865,0.0
2020-06-10 00:00:00+00:00,-0.20846571428571428,0.4567586162250235,35,-0.27761147011603626,0.650659809745742
2020-06-10 18:40:00+00:00,0.6597,0.0,1,0.8904784321784973,0.0
2020-06-10 18:59:00+00:00,0.2732,0.0,1,0.01163647510111332,0.0
2020-06-11 00:00:00+00:00,-0.07362222222222223,0.4162465472090935,36,-0.30957320984452963,0.6419481087082095
2020-06-11 20:18:00+00:00,0.8225,0.0,1,0.737804114818573,0.0
2020-06-12 00:00:00+00:00,-0.10142631578947367,0.4482413790396387,38,-0.35376269184052944,0.5042338450811965
2020-06-12 04:41:00+00:00,0.0772,0.0,1,-0.27393996715545654,0.0
2020-06-12 19:15:00+00:00,0.1779,0.0,1,0.015975847840309143,0.0
2020-06-12 20:21:00+00:00,-0.2023,0.0,1,0.10891448706388474,0.0
2020-06-12 20:26:00+00:00,0.7964,0.0,1,0.8153823018074036,0.0
2020-06-14 00:00:00+00:00,-0.040964705882352924,0.3997697711514348,17,-0.19244799806791194,0.39932400580186955
2020-06-15 00:00:00+00:00,-0.050193103448275864,0.4064557082978191,29,-0.2578409793304986,0.6222821885660336
2020-06-15 19:32:00+00:00,-0.5994,0.0,1,-0.01840461790561676,0.0
2020-06-16 00:00:00+00:00,-0.05963333333333334,0.47983413770817196,24,-0.32700927276164293,0.6588507644948508
2020-06-16 18:57:00+00:00,-0.13975,0.0884590583264371,2,0.07129552215337753,0.10324822007848626
2020-06-16 19:00:00+00:00,0.4588,0.0,1,-0.18177521228790283,0.0
2020-06-16 20:11:00+00:00,-0.3883,0.0,1,-0.19188812375068665,0.0
2020-06-17 00:00:00+00:00,-0.022654545454545455,0.46847195759919097,33,-0.23407343018687132,0.6020098025964266
2020-06-17 18:44:00+00:00,0.25,0.0,1,0.5859900712966919,0.0
2020-06-17 19:17:00+00:00,0.2799,0.0,1,0.02504759468138218,0.0
2020-06-18 00:00:00+00:00,-0.06811363636363636,0.3818480155088566,22,-0.31845444813370705,0.4873176335246901
2020-06-18 19:02:00+00:00,-0.4939,0.0,1,0.36754080653190613,0.0
2020-06-18 19:24:00+00:00,-0.2023,0.0,1,-0.012626610696315765,0.0
2020-06-18 19:47:00+00:00,-0.4939,0.0,1,0.8991401791572571,0.0
2020-06-19 00:00:00+00:00,-0.2232666666666667,0.493353261446309,24,-0.22247463736372688,0.540580793785915
2020-06-20 00:00:00+00:00,-0.16916363636363638,0.35512656975429835,11,-0.1796106533570723,0.5258254406122536
2020-06-21 00:00:00+00:00,-0.44993333333333335,0.44556617166626705,3,-0.28538987040519714,0.5688807541490235
2020-06-21 13:49:00+00:00,0.7823,0.0,1,0.3954080045223236,0.0
2020-06-22 00:00:00+00:00,-0.17874318181818183,0.35891143650593926,44,-0.2903793921948157,0.5635043044856652
2020-06-22 19:02:00+00:00,-0.2023,0.0,1,0.017198661342263222,0.0
2020-06-22 19:06:00+00:00,0.802,0.0,1,0.0732741579413414,0.0
2020-06-22 20:24:00+00:00,-0.9331,0.0,1,-0.22427919507026672,0.0
2020-06-22 20:29:00+00:00,-0.128,0.0,1,0.622908890247345,0.0
2020-06-23 00:00:00+00:00,-0.11023333333333334,0.5210395513039183,30,-0.2108348625401656,0.6704533422519815
2020-06-23 19:13:00+00:00,-0.2023,0.0,1,0.006342759355902672,0.0
2020-06-23 20:08:00+00:00,0.25,0.0,1,0.09991658478975296,0.0
2020-06-23 22:09:00+00:00,-0.1027,0.0,1,-0.6000289916992188,0.0
2020-06-23 22:40:00+00:00,-0.1779,0.0,1,0.20314565300941467,0.0
2020-06-24 00:00:00+00:00,-0.09186341463414634,0.5022378528924805,41,-0.30282308597390245,0.6357888992473024
2020-06-24 05:12:00+00:00,0.8761,0.0,1,0.04181557893753052,0.0
2020-06-24 19:36:00+00:00,0.4588,0.0,1,0.0006868485361337662,0.0
2020-06-24 21:02:00+00:00,-0.9136,0.0,1,-0.7745435833930969,0.0
2020-06-25 00:00:00+00:00,-0.0314,0.48969698008839324,40,-0.2873663974925876,0.5648031365323471
2020-06-25 19:31:00+00:00,-0.2023,0.0,1,-0.004800237715244293,0.0
2020-06-26 00:00:00+00:00,0.12511176470588237,0.5324095329410324,34,-0.25763531911241655,0.6072543293958994
2020-06-26 10:30:00+00:00,-0.6351,0.0,1,0.04549499228596687,0.0
2020-06-27 00:00:00+00:00,-0.14036153846153845,0.37697062117725993,13,-0.2594679869138278,0.5932479157890073
2020-06-28 00:00:00+00:00,-0.14858125,0.46562408474182976,16,-0.18470445671118796,0.509887673260619
2020-06-29 00:00:00+00:00,-0.00404782608695652,0.4746147412467249,23,-0.31161921690015687,0.6149202456171923
2020-06-29 19:02:00+00:00,0.0,0.0,1,0.7325736284255981,0.0
2020-06-29 19:14:00+00:00,-0.2023,0.0,1,0.003999417647719383,0.0
2020-06-29 19:41:00+00:00,0.8573,0.0,1,0.8321375846862793,0.0
2020-06-30 00:00:00+00:00,-0.17425588235294118,0.5067399196594546,34,-0.41649581316639395,0.5638052995230505
2020-06-30 19:28:00+00:00,0.8878,0.0,1,-0.1375371813774109,0.0
2020-06-30 19:33:00+00:00,0.2732,0.0,1,0.003289896994829178,0.0
2020-07-01 00:00:00+00:00,-0.13233783783783784,0.425852892800209,37,-0.47256081148579315,0.46442280149468873
2020-07-01 19:13:00+00:00,-0.7845,0.0,1,-0.9170154333114624,0.0
2020-07-01 20:00:00+00:00,-0.2023,0.0,1,0.004439527168869972,0.0
2020-07-02 00:00:00+00:00,-0.014568421052631586,0.5864747082285927,19,-0.17626734489673063,0.6663286585191827
2020-07-02 19:27:00+00:00,-0.4939,0.0,1,0.03155883401632309,0.0
2020-07-02 19:37:00+00:00,-0.4423,0.0,1,-0.035475410521030426,0.0
2020-07-02 22:57:00+00:00,-0.4678,0.0,1,0.026262376457452774,0.0
2020-07-03 00:00:00+00:00,-0.10857619047619048,0.3173025605077304,21,-0.16680484797273362,0.665136197868158
2020-07-04 00:00:00+00:00,-0.1282909090909091,0.421018197836021,11,-0.44022076712413266,0.5277284229929541
2020-07-05 00:00:00+00:00,0.08666666666666667,0.363681377365441,12,-0.05042198703934749,0.29335684092819503
2020-07-06 00:00:00+00:00,0.1087875,0.4246970882799625,24,-0.22556296860178313,0.5809820347680805
2020-07-07 00:00:00+00:00,-0.022576923076923064,0.5003913303067449,26,-0.20697370558404005,0.7070121218517053
2020-07-07 01:50:00+00:00,0.2944,0.0,1,0.9136326313018799,0.0
2020-07-08 00:00:00+00:00,-0.07666774193548387,0.4951283768795704,31,-0.3857694839037234,0.5905437432346259
2020-07-09 00:00:00+00:00,-0.1544173076923077,0.42491271662941976,52,-0.3401526891841338,0.6540815745993854
2020-07-10 00:00:00+00:00,-0.021251428571428567,0.49044874672045374,35,-0.2551713914211307,0.5404648786390054
2020-07-11 00:00:00+00:00,0.15157500000000002,0.5179055536485393,4,0.04457148164510727,0.7434239339658459
2020-07-12 00:00:00+00:00,0.013670588235294115,0.4375713881252776,17,-0.015767514486523235,0.4110495364459564
2020-07-13 00:00:00+00:00,0.0925551724137931,0.417099354030913,29,-0.281859973124389,0.6494361334108922
2020-07-13 19:24:00+00:00,-0.7579,0.0,1,-0.7877371907234192,0.0
2020-07-13 19:38:00+00:00,0.25,0.0,1,0.0018499623984098434,0.0
2020-07-13 20:33:00+00:00,0.34,0.0,1,0.03724144399166107,0.0
2020-07-14 00:00:00+00:00,-0.005625806451612898,0.4065580138739873,31,-0.16563443515089252,0.6583503592958301
2020-07-14 19:02:00+00:00,-0.1027,0.0,1,-0.9350981712341309,0.0
2020-07-14 19:23:00+00:00,-0.4939,0.0,1,-0.1121087521314621,0.0
2020-07-14 19:31:00+00:00,-0.2682,0.0,1,0.00513043999671936,0.0
2020-07-15 00:00:00+00:00,0.053389285714285716,0.4364865940578333,56,-0.09293734751242612,0.6153712419926806
2020-07-15 18:51:00+00:00,-0.8949,0.0,1,-0.8784989714622498,0.0
2020-07-15 19:24:00+00:00,0.1779,0.0,1,-0.0022551659494638443,0.0
2020-07-15 20:25:00+00:00,-0.1779,0.0,1,0.2568739056587219,0.0
2020-07-16 00:00:00+00:00,0.005508108108108109,0.4318007599823341,37,-0.3672687585490781,0.5833179818480774
2020-07-16 08:54:00+00:00,-0.7506,0.0,1,-0.9616124033927917,0.0
2020-07-16 19:23:00+00:00,-0.2023,0.0,1,-0.006670139729976654,0.0
2020-07-16 19:36:00+00:00,-0.6597,0.0,1,-0.15764982998371124,0.0
2020-07-17 00:00:00+00:00,-0.06977037037037037,0.48531895603645964,27,-0.3091377991217154,0.5945997497956652
2020-07-17 19:33:00+00:00,-0.2023,0.0,1,0.004406016319990158,0.0
2020-07-18 00:00:00+00:00,-0.23124285714285714,0.35321902709070063,14,-0.13902700266667775,0.43157783919941434
